t_s,roll,pitch,err_r,err_p,err_r_filt,err_p_filt,integ_r,integ_p,pi_out_r,pi_out_p,corr_r,corr_p,target_roll,target_pitch,clip_flags,dt_actual,mt_0,enc_0,vel_0,iq_sp_0,iq_0,mt_1,enc_1,vel_1,iq_sp_1,iq_1,mt_2,enc_2,vel_2,iq_sp_2,iq_2,mt_3,enc_3,vel_3,iq_sp_3,iq_3,mt_4,enc_4,vel_4,iq_sp_4,iq_4,mt_5,enc_5,vel_5,iq_sp_5,iq_5
0.0000,0.10759,-3.21719,0.10759,-3.21719,0.10936,-3.21765,-0.32943,1.78235,-0.43878,5.01911,-0.43878,5.00000,0.00000,0.00000,8,0.00029,0.21098,0.20965,-0.00020,0.36571,0.45219,0.33328,0.33517,0.00596,-0.71499,-0.67964,0.41304,0.41467,0.00464,3.31968,3.27996,0.15849,0.16391,0.00626,2.73248,2.79599,0.36120,0.36128,-0.00854,-1.26851,-1.29044,0.20706,0.20705,0.00304,0.25269,0.36270
0.1028,0.11258,-3.21829,0.11258,-3.21829,0.11081,-3.21773,-0.33272,1.78227,-0.44353,5.01955,-0.44353,5.00000,0.00000,0.00000,8,0.00039,0.21107,0.20971,0.00416,0.35195,0.28577,0.33305,0.33515,-0.00537,-0.68534,-0.66210,0.41283,0.41467,-0.00121,3.34797,3.44961,0.15849,0.16366,0.00394,2.76836,2.65511,0.36120,0.36129,-0.00243,-1.24444,-1.20081,0.20718,0.20706,-0.00633,0.25784,0.30285
0.2077,0.11619,-3.21849,0.11619,-3.21849,0.11453,-3.21814,-0.33611,1.78186,-0.45064,5.01946,-0.45064,5.00000,0.00000,0.00000,8,0.00199,0.21122,0.20976,0.00442,0.32265,0.25229,0.33272,0.33515,-0.00545,-0.63597,-0.70219,0.41251,0.41465,-0.00319,3.39639,3.33593,0.15849,0.16341,0.00078,2.80554,2.81097,0.36120,0.36130,-0.00073,-1.26000,-1.32232,0.20736,0.20713,0.00048,0.23501,0.17138
0.3069,0.11357,-3.22358,0.11357,-3.22358,0.11389,-3.22209,-0.33955,1.77791,-0.45343,5.01997,-0.45343,5.00000,0.00000,0.00000,8,0.00028,0.21127,0.20986,0.01097,0.34925,0.19781,0.33259,0.33517,-0.00021,-0.60685,-0.54272,0.41239,0.41465,-0.00100,3.43356,3.57932,0.15849,0.16316,-0.00299,2.83133,2.85762,0.36120,0.36130,-0.00002,-1.26226,-1.31796,0.20743,0.20723,0.00070,0.25936,0.17927
0.4088,0.11244,-3.22222,0.11244,-3.22222,0.11189,-3.22287,-0.34291,1.77713,-0.45481,5.01906,-0.45481,5.00000,0.00000,0.00000,8,0.00027,0.21130,0.20990,0.00214,0.29499,0.30648,0.33252,0.33516,-0.00038,-0.54630,-0.65451,0.41233,0.41465,0.00051,3.46816,3.41774,0.15849,0.16284,-0.00884,2.87336,2.92025,0.36120,0.36131,0.00356,-1.24320,-1.29193,0.20747,0.20731,0.00956,0.26583,0.14208
0.5092,0.11578,-3.22178,0.11578,-3.22178,0.11487,-3.22202,-0.34633,1.77798,-0.46121,5.01923,-0.46121,5.00000,0.00000,0.00000,8,0.00027,0.21143,0.21000,-0.00085,0.28238,0.33544,0.33222,0.33516,-0.00291,-0.49674,-0.41743,0.41205,0.41465,0.00120,3.52336,3.49691,0.15849,0.16245,-0.00912,2.91338,2.97061,0.36120,0.36130,-0.00102,-1.26173,-1.20490,0.20763,0.20733,-0.00503,0.21869,0.32609
0.6097,0.11238,-3.22320,0.11238,-3.22320,0.11416,-3.22252,-0.34977,1.77748,-0.46394,5.01962,-0.46394,5.00000,0.00000,0.00000,8,0.00031,0.21149,0.21008,-0.00279,0.26805,0.16861,0.33209,0.33514,-0.01063,-0.48379,-0.43207,0.41193,0.41463,0.00075,3.58266,3.61055,0.15849,0.16212,-0.00304,2.90915,2.85110,0.36120,0.36130,-0.00206,-1.23375,-1.22390,0.20770,0.20742,0.00069,0.21230,0.21884
0.7100,0.11287,-3.22374,0.11287,-3.22374,0.11240,-3.22393,-0.35316,1.77607,-0.46556,5.01926,-0.46556,5.00000,0.00000,0.00000,8,0.00027,0.21152,0.21012,-0.01216,0.24914,0.26975,0.33202,0.33517,0.00887,-0.41015,-0.48596,0.41186,0.41462,0.00793,3.58246,3.69456,0.15849,0.16177,-0.00167,2.94428,2.76944,0.36120,0.36132,0.01150,-1.21157,-1.25679,0.20774,0.20751,0.00099,0.21040,0.16474
0.8127,0.11210,-3.21959,0.11210,-3.21959,0.11249,-3.22079,-0.35653,1.77921,-0.46902,5.01881,-0.46902,5.00000,0.00000,0.00000,8,0.00204,0.21159,0.21021,-0.00863,0.22517,0.28074,0.33185,0.33514,-0.00478,-0.36032,-0.34606,0.41171,0.41460,-0.00037,3.62789,3.44986,0.15849,0.16139,-0.00047,2.98501,3.07552,0.36120,0.36129,-0.00262,-1.23646,-1.28506,0.20783,0.20757,-0.00432,0.23606,0.15793
0.9135,0.11403,-3.21810,0.11403,-3.21810,0.11295,-3.21900,-0.35992,1.78100,-0.47287,5.01893,-0.47287,5.00000,0.00000,0.00000,8,0.00038,0.21167,0.21030,-0.00137,0.23470,0.19480,0.33167,0.33516,0.00346,-0.28948,-0.25948,0.41154,0.41460,0.00486,3.67821,3.63414,0.15849,0.16104,0.00304,2.95036,2.99513,0.36120,0.36131,0.00332,-1.24975,-1.34224,0.20793,0.20760,-0.00179,0.19613,0.10823
1.0191,0.10984,-3.21906,0.10984,-3.21906,0.11073,-3.21859,-0.36326,1.78141,-0.47399,5.01951,-0.47399,5.00000,0.00000,0.00000,8,0.00089,0.21169,0.21037,0.00206,0.22207,0.23066,0.33162,0.33511,-0.01605,-0.29430,-0.14197,0.41149,0.41456,-0.00284,3.69554,3.84552,0.15849,0.16071,-0.00158,2.99627,3.10070,0.36120,0.36130,0.00128,-1.25101,-1.18921,0.20796,0.20770,0.00532,0.20122,0.23003
1.1195,0.11272,-3.22106,0.11272,-3.22106,0.11229,-3.22017,-0.36662,1.77983,-0.47891,5.01970,-0.47891,5.00000,0.00000,0.00000,8,0.00031,0.21179,0.21040,-0.00846,0.18319,0.13130,0.33139,0.33515,0.00334,-0.18459,-0.26294,0.41127,0.41454,-0.00711,3.75647,3.82812,0.15849,0.16045,-0.00069,2.99827,3.01592,0.36120,0.36131,0.00663,-1.22600,-1.23681,0.20809,0.20775,-0.00774,0.18352,0.22599
1.2201,0.10960,-3.22384,0.10960,-3.22384,0.11094,-3.22244,-0.36997,1.77756,-0.48090,5.01993,-0.48090,5.00000,0.00000,0.00000,8,0.00029,0.21183,0.21046,-0.00414,0.14600,0.27596,0.33130,0.33514,0.00129,-0.14453,-0.20040,0.41119,0.41452,0.00565,3.82818,4.01074,0.15849,0.16020,0.00283,3.01111,3.07825,0.36120,0.36130,0.00084,-1.21643,-1.30387,0.20814,0.20781,-0.00163,0.19790,0.17031
1.3205,0.10633,-3.22266,0.10633,-3.22266,0.10712,-3.22333,-0.37322,1.77667,-0.48034,5.01905,-0.48034,5.00000,0.00000,0.00000,8,0.00040,0.21182,0.21051,0.00197,0.14960,0.20087,0.33132,0.33515,0.00311,-0.12709,-0.01790,0.41121,0.41447,0.00261,3.86030,3.94557,0.15849,0.15988,-0.01284,2.95334,2.92995,0.36120,0.36130,-0.00070,-1.22173,-1.23102,0.20812,0.20786,-0.00221,0.20233,0.18404
1.4259,0.10573,-3.22360,0.10573,-3.22360,0.10547,-3.22357,-0.37639,1.77643,-0.48186,5.01936,-0.48186,5.00000,0.00000,0.00000,8,0.00169,0.21185,0.21054,-0.00198,0.14250,0.03753,0.33125,0.33514,-0.00293,-0.06021,0.10021,0.41114,0.41441,-0.00547,3.87988,3.95401,0.15849,0.15958,0.00289,2.97146,2.98655,0.36120,0.36131,0.00386,-1.22394,-1.20750,0.20816,0.20792,-0.00025,0.19537,0.19104
1.5260,0.10273,-3.22521,0.10273,-3.22521,0.10387,-3.22438,-0.37953,1.77562,-0.48341,5.01970,-0.48341,5.00000,0.00000,0.00000,8,0.00028,0.21188,0.21063,0.00176,0.14850,0.11118,0.33118,0.33514,0.00275,0.00756,0.04527,0.41108,0.41439,-0.00041,3.92526,3.99724,0.15849,0.15904,-0.00065,2.96544,3.11831,0.36120,0.36130,-0.00284,-1.23528,-1.10895,0.20820,0.20796,-0.01146,0.18179,0.29542
1.6271,0.10278,-3.22526,0.10278,-3.22526,0.10306,-3.22521,-0.38263,1.77479,-0.48568,5.01937,-0.48568,5.00000,0.00000,0.00000,8,0.00032,0.21193,0.21071,0.00633,0.12839,0.01327,0.33107,0.33514,-0.00104,0.07173,0.09891,0.41098,0.41437,0.00914,3.96141,4.02131,0.15849,0.15857,-0.01199,2.93073,2.94925,0.36120,0.36131,0.00471,-1.22935,-1.22915,0.20826,0.20804,0.00564,0.18275,0.31319
1.7294,0.10199,-3.22385,0.10199,-3.22385,0.10165,-3.22432,-0.38568,1.77568,-0.48734,5.01914,-0.48734,5.00000,0.00000,0.00000,8,0.00028,-0.11691,0.21075,-0.00215,0.11937,0.02780,0.00253,0.33514,0.00423,0.12109,0.12386,0.08273,0.41431,-0.00142,4.03352,3.96623,0.04423,0.15816,0.00027,2.89871,2.80525,0.23586,0.36131,0.00181,-1.21647,-1.14750,-0.12075,0.20811,0.00126,0.20038,0.11124
1.8305,-0.01961,-2.89049,-0.01961,-2.89049,0.03071,-3.03292,-0.38783,1.83807,-0.41854,4.87099,-0.41854,4.87099,0.00000,0.00000,0,0.00040,-0.11287,0.18270,-0.35604,4.29594,4.50991,0.00628,0.30182,-0.58509,3.24213,3.31096,0.08532,0.35364,-1.02757,4.06127,4.02129,0.03772,0.09352,-0.53580,4.98009,4.73200,0.22916,0.34934,-0.10045,3.78780,3.78709,-0.11770,0.17677,-0.26583,4.57369,4.76039
1.9312,0.29852,-2.40976,0.29852,-2.40976,0.15474,-2.64596,-0.39016,1.92265,-0.54491,4.56861,-0.54491,4.56861,0.00000,0.00000,0,0.00030,-0.09756,0.13228,-0.45227,4.60603,4.75242,0.00154,0.24524,-0.43442,4.32478,4.24737,0.07867,0.25451,-1.08282,4.19861,4.05054,0.02795,0.04428,-0.53306,2.29787,2.23802,0.22092,0.33782,-0.19052,4.32310,4.24626,-0.10313,0.14262,-0.34911,5.02206,5.09646
2.0321,0.55068,-1.74776,0.55068,-1.74776,0.39566,-2.04265,-0.39885,1.99129,-0.79450,4.03393,-0.79450,4.03393,0.00000,0.00000,0,0.00029,-0.06999,0.08938,-0.66640,4.62465,4.71230,-0.00804,0.18770,-0.81902,3.73457,3.42061,0.06567,0.13711,-1.30855,3.74252,3.69332,0.01113,0.02054,-0.09808,3.29826,3.50589,0.20701,0.31870,-0.11454,5.34692,5.23362,-0.07667,0.11110,-0.65063,4.82243,4.78389
2.1344,0.98388,-1.15941,0.98388,-1.15941,0.86128,-1.42013,-0.41966,2.04072,-1.28095,3.46086,-1.28095,3.46086,0.00000,0.00000,0,0.00031,-0.03606,0.02629,-0.19029,5.08441,5.22545,-0.02849,0.12015,-0.77837,4.36337,4.00822,0.04182,0.05682,-0.46150,3.36362,3.25626,-0.00270,0.00285,-0.33023,2.30175,2.52130,0.19772,0.28622,-0.43019,5.11229,5.25350,-0.04262,0.06594,-0.08649,5.99299,5.95893
2.2358,0.82724,-0.79429,0.82724,-0.79429,0.88079,-0.97594,-0.44655,2.07509,-1.32734,3.05103,-1.32734,3.05103,0.00000,0.00000,0,0.00037,-0.01796,0.00068,-0.17741,3.01505,3.04805,-0.02896,0.04180,-0.81161,4.55167,4.59466,0.03818,0.03192,-0.02250,2.91030,2.81927,-0.01845,-0.01276,-0.24821,2.72762,2.65776,0.18331,0.24665,-0.38357,5.44829,5.42686,-0.02602,0.06431,-0.00426,5.95728,6.09186
2.3372,0.41568,-0.59339,0.41568,-0.59339,0.58181,-0.67856,-0.46815,2.09827,-1.04996,2.77684,-1.04996,2.77684,0.00000,0.00000,0,0.00029,-0.01212,-0.00342,-0.01166,3.21764,3.28929,-0.01488,-0.00251,-0.04393,3.12415,3.18148,0.04961,0.03195,0.02140,1.86581,1.81099,-0.03501,-0.03990,-0.15899,2.29867,2.29370,0.16573,0.20913,-0.11234,5.64060,5.78771,-0.02286,0.06304,-0.01114,5.99277,6.19428
2.4390,0.36033,-0.66748,0.36033,-0.66748,0.40858,-0.65687,-0.48196,2.11789,-0.89054,2.77476,-0.89054,2.77476,0.00000,0.00000,0,0.00027,-0.01526,-0.00550,-0.01889,3.57866,3.65103,-0.00743,-0.00310,-0.00290,2.92257,2.93220,0.05677,0.03259,0.00282,1.16672,1.09175,-0.03819,-0.04347,-0.00229,2.48669,2.48098,0.16154,0.19894,-0.09080,5.63106,5.41341,-0.02690,0.06137,-0.02047,5.99400,6.13282
2.5402,0.25541,-0.70895,0.25541,-0.70895,0.30218,-0.69099,-0.49229,2.13810,-0.79447,2.82909,-0.79447,2.82909,0.00000,0.00000,0,0.00106,-0.01948,-0.00755,-0.01653,3.84051,4.07864,-0.00317,-0.00308,0.00406,2.74694,2.75316,0.06129,0.03307,0.00349,0.64305,0.80324,-0.03784,-0.04355,0.00061,2.26944,2.18597,0.16113,0.18305,-0.06679,4.91576,4.80434,-0.03142,0.05948,-0.02888,5.93633,5.83165
