focus_pos,variance_of_laplacian,tenengrad,sum_modified_laplacian,normalized_variance,over_clip_frac,under_clip_frac,mean,p01,p50,p99,dynamic_range,sat_mean,sat_p50,val_mean
0,22.33123384868201,2553.645428388401,2.8858625990849958,26.745197244638394,0.0,0.0,183.76398264793113,15.873249999999999,224.782875,244.146,228.27274999999997,42.72630661752267,13.748081770172492,192.886890552662
5,22.388988405906204,2551.0993696611413,2.8853129831922524,26.738815661751218,0.0,0.0,183.65006482385706,15.834624999999999,224.40187499999996,244.146,228.311375,43.03690178337397,13.776739152372437,192.8509174864969
10,22.645418120749397,2564.980516584534,2.8960365008929907,26.773480343567904,0.0,0.0,183.61299170072576,15.849375,224.40825,244.146,228.296625,42.91984087481038,13.755186721991702,192.78605746045525
15,22.594367490686757,2578.202246348883,2.8982750724788398,26.794459373223116,0.0,0.0,183.60128098325373,15.889125,224.36987499999998,244.146,228.25687499999998,42.997858748178174,13.755186721991702,192.7622371720679
20,22.62575455448936,2596.129410746006,2.8984534621642153,26.824678798772943,0.0,0.0,183.5778387677228,15.833,224.65225,244.146,228.313,42.86675145084105,13.755186721991702,192.710420584973
25,22.929745519160953,2609.094518193601,2.9220564096369355,26.850370655674528,0.0,0.0,183.5290311068311,15.847216249999999,224.344875,244.146,228.29878374999998,42.96774599372569,13.755186721991702,192.66327582465277
30,511.34078343864496,16080.396799411721,8.418050979840487,34.35027162098213,5.576051311728395e-05,0.0008544921875,169.2862498342255,9.906505,216.33599999999998,231.33415499999995,221.42764999999997,42.50970858268401,11.856847785483138,176.23911765769674
35,23.513307357377997,2657.831555088773,2.941554036490192,26.917724035697596,0.0,0.0,183.4996725124783,15.76704625,224.4923125,244.146,228.37895375,42.714333971299915,13.748199455074023,192.61692979600696
40,23.48124427479594,2657.4910441429697,2.9324017651808023,26.89677087530331,0.0,0.0,183.430506266276,15.845625000000002,224.41062499999998,244.08274999999998,228.237125,42.89263147261718,13.762350881742739,192.52690972222223
45,102.72902564715035,7797.041250044722,4.978997067206539,30.69760376142982,0.0,4.521122685185185e-06,175.6288085108627,13.315315000000002,219.96037499999997,236.03849999999997,222.72318499999997,42.48798075548827,12.558450671311945,183.5493133921682
50,25.713206363228522,2875.4960628889207,3.0576304512037016,27.12643030326744,0.0,0.0,183.00220984188127,15.815375,224.14737499999995,243.83599999999996,228.02062499999994,42.75636087291437,13.755186721991702,192.05357228973764
55,82.44546476099529,5526.319264522177,4.3597575537016215,28.58028451171643,0.0,0.0,178.03148718261718,14.240178749999998,220.55474999999998,237.960375,223.72019625,42.09723765875928,13.341281220834219,186.2569549937307
60,32.36675499471599,3671.5348502348497,3.3417739164872557,27.926594942968492,0.0,0.0,181.70178233959055,15.290681250000002,223.95162499999998,242.910375,227.61969375,42.99406947403533,13.85972208913423,190.86648220486111
65,30.68848346256459,3497.584346544558,3.30885189087195,27.808469991875945,0.0,0.0,181.8268416160301,14.9758325,224.26887499999998,242.201625,227.2257925,43.26723981750011,13.87029288702929,191.05363859953704
70,33.63071420014989,3814.2777027843185,3.438156352448992,28.195323422038918,0.0,0.0,181.12024463342735,14.298368749999998,224.20162499999998,242.02974999999998,227.73138125,43.53009087633924,13.914124743695478,190.35526379243828
75,37.846457403895386,4203.068002614694,3.6079959219185804,28.68796289259184,0.0,0.0,180.2059738920235,13.97396625,223.94349999999997,241.63187499999998,227.65790875,43.80328382386975,13.972710661511574,189.4759235146605
80,42.42638242936053,4692.419554571029,3.8018216118437174,29.141045048867404,0.0,0.0,179.72815928970147,13.978124999999999,223.840125,241.59099999999998,227.61287499999997,43.442055687546414,13.841516345769893,188.58131389853395
85,53.879627023126474,5679.964231957515,4.193628310478546,29.976671091580904,0.0,0.0,178.8347541895737,13.884539999999998,223.65225,240.25725,226.37270999999998,43.178605047116484,13.841456394642268,187.49151083863813
90,85.01464297494834,7667.715241406651,4.96111583005089,31.392829541409693,0.0,1.5070408950617283e-06,177.46342695523487,13.828374999999998,223.591,239.836,226.00762500000002,43.491440621130565,13.811290150153575,185.8313244478202
95,118.18112521860095,9823.35583974113,5.7313285737877395,32.88314154354808,0.0,9.04224537037037e-06,175.94245520170233,13.1609975,223.591,238.85224999999997,225.6912525,43.60441227727682,13.958018075616454,184.3626437717014
100,157.34280653330836,11964.39243123812,6.428545606620346,34.49857311765854,0.0,7.5352044753086416e-06,174.3834147225839,12.622999999999998,223.02974999999998,238.04587499999997,225.42287499999998,43.78904782184245,13.987341772151899,182.6908833068094
105,193.97058853436448,14460.233196151612,7.032244421881882,36.302217039544644,0.0,1.657744984567901e-05,172.7470115831163,12.170325,221.98075,237.65224999999998,225.481925,43.942410230285006,13.66064788879675,180.60276210455245
110,266.6917099620605,18243.064939684842,8.212960445515487,38.16646690594365,1.9591531635802468e-05,3.0140817901234566e-05,171.06245976050104,11.6082925,221.836,236.146,224.5377075,44.13107696344227,14.020057978649413,178.94431182484567
115,507.88280897608973,23401.452983759333,10.883307949429955,40.04906270346256,3.1647858796296295e-05,0.00021249276620370367,169.251011534891,10.089305,221.836,236.3435,226.25419499999998,44.62883846011953,14.106382978723403,176.97526493778935
120,1007.9198887562004,29632.929506534798,14.65506475999413,41.880140444739894,0.0001642674575617284,0.0009057315779320988,167.47467130985967,8.015915,220.48537499999998,237.84867749999998,229.83276249999997,45.5447900567059,13.65814438931545,174.96438108844524
125,1513.0132336849836,34510.42760194905,17.379170657080294,43.1459270218822,0.0002592110339506173,0.003534010898919753,166.10539616488234,5.843999999999999,219.83599999999998,238.00723374999978,232.1632337499998,46.82119426396192,12.011213415538826,173.27821632667823
130,1537.595756062554,34247.91031015513,17.332333443937465,42.94431813481889,0.0002697603202160494,0.003845968364197531,165.8150231496552,5.785,219.83599999999998,237.57837499999997,231.79337499999997,46.504434395114124,11.473899833274832,172.84184208622685
135,1011.7371278009427,28493.992721302104,14.280675417135589,41.19550249237584,0.00016125337577160495,0.0012101538387345677,166.3597194899571,8.23613375,218.44243749999998,235.63437124999996,227.39823749999996,44.67215455192162,11.486486486486486,173.40605559172457
140,480.96536884769483,21707.0659123625,10.40039768862847,39.0810452448221,3.1647858796296295e-05,0.00013412663966049383,167.23729706940827,10.30995375,217.87475,233.38079624999966,223.07084249999969,43.166171336410116,11.486486486486486,174.25496569974922
145,234.71036966457945,16425.698026693943,7.542923317695847,37.082165508483094,0.0,7.5352044753086416e-06,168.03172797911844,11.34350875,217.83599999999998,231.05411999999995,219.71061124999994,42.438083119592285,11.492983367983367,174.9748836564429
150,136.41911191924484,12530.058807605634,5.973376894541763,35.083036779339906,0.0,3.0140817901234566e-06,168.7218550091025,11.4647275,216.08275,230.14599999999996,218.68127249999995,42.369642255972195,12.318356282291054,175.8519633728781
155,90.72527965158565,9838.901174551658,5.016327549297843,33.159256818924945,0.0,1.5070408950617283e-06,169.37098987419222,11.7325575,215.83599999999998,228.201625,216.46906750000002,41.78833492424813,12.238092671319546,176.4366153669946
160,67.02283075087757,7856.135957900267,4.414702290881737,31.44173782953243,0.0,1.0549286265432098e-05,169.98258096426503,11.767757500000002,214.60225,228.14600000000002,216.3782425,40.72497146899511,11.988934459574207,176.99041220582563
165,50.610831210693604,6080.937636278202,3.9587938068821282,29.82417177333073,0.0,1.5070408950617283e-06,170.44674574562356,11.905874999999998,213.83599999999998,226.46575,214.559875,40.27154277965879,11.834179772826563,177.3769259982639
170,38.75421377157694,4618.497103819707,3.578790190585705,28.346918743172708,0.0,0.0,170.86655253544558,11.837846249999998,213.591,226.146,214.30815374999997,39.375934989276075,11.819410352282105,177.6893913363233
175,29.835772542636185,3604.858049950757,3.231774632101094,27.130980523413076,0.0,0.0,171.20599980408468,11.938749999999999,211.85162499999998,225.85012874999984,213.9113787499998,38.907973976957315,11.895168471829795,178.00478485484183
180,24.182576579623657,2878.1673365901615,2.9633101543768685,26.109429070397013,0.0,1.5070408950617283e-06,171.4191888608579,12.028249999999998,211.80537499999997,224.14599999999996,212.11774999999994,38.556557414421064,11.888240630056266,178.15193383487653
185,19.73645688152465,2315.1914171538874,2.719517670157071,25.17704278868559,0.0,6.028163580246913e-06,171.65406465506845,11.999499999999998,210.84412499999996,224.14599999999996,212.14649999999995,37.967684300586306,11.888304776739355,178.2887836974344
190,16.479377780202046,1897.0464257817866,2.5255639159367846,24.404119279836944,0.0,0.0,171.78515205138405,12.060123749999999,209.83599999999996,223.917625,211.85750124999998,37.64438247783404,12.262330571196376,178.46279266734183
195,13.92913525530036,1593.0797909168666,2.340894011168473,23.73027116257679,0.0,1.5070408950617283e-06,171.84271505473572,12.07672,209.591,222.31849999999997,210.24177999999998,37.043761726273914,11.922880742398315,178.37489300009645
200,11.88576312544027,1352.0558684853206,2.1941707992856134,23.143357604248216,0.0,0.0,171.83970760844662,11.97520125,208.505375,222.146,210.17079875,36.67632081238171,12.29799622836801,178.5456347053434
205,10.606102998020926,1162.3753074449282,2.1042928313230944,22.60441460427072,0.0,0.0,171.86998824357397,12.292124999999999,207.83599999999998,222.146,209.85387500000002,36.027094547767845,12.16935900841231,178.45727237654322
210,9.777471900481999,1022.8248412420241,2.0420313998507647,22.12714569244201,0.0,0.0,171.859078789605,12.266749999999998,207.59099999999998,220.96386624999997,208.69711624999997,35.730330847480175,12.1723929200432,178.4045726634838
215,9.340453101751933,964.3277019374478,1.9973593696481915,21.87637326093521,0.0,0.0,171.88195715181325,12.46671625,207.59099999999998,220.40474999999998,207.93803375000002,35.59387225923165,12.21429012676355,178.41328034577546
220,9.283650688978183,961.7264517313879,1.9919826218990109,21.872306436631696,0.0,0.0,171.88748069480613,12.464624999999998,207.373875,220.2186537499998,207.7540287499998,35.38748691929575,12.121756176420401,178.35898166232639
225,9.275748830329944,960.6259475169727,1.9958709815530695,21.877789226478498,0.0,0.0,171.8434771713445,12.34988375,207.47974999999997,220.2315,207.88161625000004,35.56467768150259,12.339707097303759,178.36164912471065
230,9.230512228120284,958.7277880734268,1.9862749654425838,21.973819323909204,0.0,0.0,171.494810694565,12.22888375,206.71349999999998,220.14600000000002,207.91711625,35.53586816677262,12.15766143671563,177.8648425443673
235,9.344138721989147,960.5481277083536,1.995948477332783,22.042012629205406,0.0,0.0,171.21351442991653,12.141375,206.017375,220.14600000000002,208.00462500000003,35.455301049546556,12.092569557108366,177.4768322603202
240,9.302884531979606,958.5675254364326,2.0006157979400143,22.08262523700872,0.0,0.0,171.11158179012344,12.06022625,205.86587500000002,220.14600000000002,208.08577375000002,35.31604939875682,12.039491273554695,177.3792091652199
245,9.253472891484423,956.6683802992244,1.9943811775211664,22.10728663145099,0.0,0.0,170.98998260121286,12.0297475,205.836,220.14600000000002,208.11625250000003,35.27897410030158,12.028301886792454,177.17600579909336
250,9.257722755189368,955.8455610106669,1.987951165471942,22.115081847701916,0.0,0.0,170.94163962884596,12.04097625,205.836,220.14600000000002,208.10502375,35.38354929430432,12.035427658052402,177.13905466338733
255,9.198699343040293,956.2998008115426,1.9825635504844192,22.10997287547699,0.0,0.0,170.99552162603686,12.09659125,205.836,220.14600000000002,208.04940875,35.055305665467216,12.014250132251806,177.1483500916281
