phase,trial_idx,start_marker,target_marker,target_x_mm,target_y_mm,ball_start_x_mm,ball_start_y_mm,settled,settled_at_s,t_in_trial_s,x_mm,y_mm,vx_mm_s,vy_mm_s,speed_mm_s,err_mm,v_toward_target_mm_s,imu_pitch_deg,imu_roll_deg,cmd_pitch_deg,cmd_roll_deg,phase_code
open_loop_rep0,0,1,-1,,,-112.25260615227492,-41.44499874677482,,,1.9259996406617574e-06,-112.25260615227492,-41.44499874677482,8.08302107188936,2.7644167902825116,8.542671118508736,,,0.10888119786977768,0.008054335601627827,-3.0,0.0,
open_loop_rep0,0,1,-1,,,-112.25260615227492,-41.44499874677482,,,0.01757456399991497,-112.11056614903002,-41.39642065123731,3.760479424078767,-0.27346314009741945,3.7704094721809347,,,0.10955112427473068,0.004331971984356642,-3.0,0.0,
open_loop_rep0,0,1,-1,,,-112.25260615227492,-41.44499874677482,,,0.03170387099999061,-112.1065402422329,-41.43479691210562,1.9591180093993898,0.8769518342351148,2.1464360913666543,,,0.10955112427473068,0.004331971984356642,-3.0,0.0,
open_loop_rep0,0,1,-1,,,-112.25260615227492,-41.44499874677482,,,0.04194214400013152,-112.07406184581635,-41.39916255891895,1.583619528573763,1.7375013492262497,2.3509065804159945,,,0.10955112427473068,0.004331971984356642,-3.0,0.0,
open_loop_rep0,0,1,-1,,,-112.25260615227492,-41.44499874677482,,,0.05214810100005707,-112.07406184581635,-41.39916255891895,-9.094947017729282e-13,-2.2737367544323206e-13,9.374856803373542e-13,,,0.10955112427473068,0.004331971984356642,-3.0,0.0,
open_loop_rep0,0,1,-1,,,-112.25260615227492,-41.44499874677482,,,0.062422095000329136,-112.07406184581635,-41.39916255891895,-1.226119839308467,-1.6798909899116552,2.0797604665759426,,,0.10955112427473068,0.004331971984356642,-3.0,0.0,
open_loop_rep0,0,1,-1,,,-112.25260615227492,-41.44499874677482,,,0.08127717800016399,-112.13960823675237,-41.48896682439492,-2.168415167739113,-3.1181286475848538,3.797992970316084,,,0.11028453707695007,0.003099473426118493,-3.0,0.0,
open_loop_rep0,0,1,-1,,,-112.25260615227492,-41.44499874677482,,,0.09376744899964251,-112.15587069232834,-41.514304533035116,-14.512102750428312,-11.259601307784806,18.36789993029302,,,0.11028453707695007,0.003099473426118493,-3.0,0.0,
open_loop_rep0,0,1,-1,,,-112.25260615227492,-41.44499874677482,,,0.10498942400045053,-112.45191544903899,-41.73373079153118,-12.906928665759551,-9.510651414247832,16.03250753645043,,,0.10825453698635101,-0.0005361355724744499,-3.0,0.0,
open_loop_rep0,0,1,-1,,,-112.25260615227492,-41.44499874677482,,,0.11686908400042739,-112.43579936313958,-41.720419285881796,0.6271235842941678,0.5179892430023756,0.8133860374042194,,,0.10825453698635101,-0.0005361355724744499,-3.0,0.0,
open_loop_rep0,0,1,-1,,,-112.25260615227492,-41.44499874677482,,,0.12708174500039604,-112.43579936313958,-41.720419285881796,-1.2337426295880505,-0.9382285912201951,1.54996573041015,,,0.10825453698635101,-0.0005361355724744499,-3.0,0.0,
open_loop_rep0,0,1,-1,,,-112.25260615227492,-41.44499874677482,,,0.13723085099991295,-112.4607642100348,-41.739404390692805,4.4135990466593285,15.700233672179365,16.308807249633766,,,0.10825453698635101,-0.0005361355724744499,-3.0,0.0,
open_loop_rep0,0,1,-1,,,-112.25260615227492,-41.44499874677482,,,0.14776397500008898,-112.33913739602106,-41.38195308481074,7.577888561572308,21.542710284600503,22.83665390239649,,,0.10825453698635101,-0.0005361355724744499,-3.0,0.0,
open_loop_rep0,0,1,-1,,,-112.25260615227492,-41.44499874677482,,,0.1644526139998561,-112.31762374690703,-41.350128665964576,0.4472121173675987,-0.0727268032765096,0.4530870400212646,,,-0.23117715120315552,0.25403088331222534,-3.0,0.0,
open_loop_rep0,0,1,-1,,,-112.25260615227492,-41.44499874677482,,,0.17626462600037485,-112.3193799505353,-41.36753860685165,-0.07777295319829136,-0.7709940328049925,0.7749067239804346,,,-0.23117715120315552,0.25403088331222534,-3.0,0.0,
open_loop_rep0,0,1,-1,,,-112.25260615227492,-41.44499874677482,,,0.18922048900003574,-112.3193799505353,-41.36753860685165,0.3259234334809662,0.9076407441157244,0.9643846768126129,,,-0.23117715120315552,0.25403088331222534,-3.0,0.0,
open_loop_rep0,0,1,-1,,,-112.25260615227492,-41.44499874677482,,,0.19997289000002638,-112.31296705084132,-41.34967978342176,16.172994559746257,2.128466150186341,16.3124529480416,,,-0.23117715120315552,0.25403088331222534,-3.0,0.0,
open_loop_rep0,0,1,-1,,,-112.25260615227492,-41.44499874677482,,,0.21022282900048594,-111.99499675747035,-41.32329471234511,22.378614759790707,1.9873250242383165,22.4666833181733,,,-0.7426727414131165,0.41223055124282837,-3.0,0.0,
open_loop_rep0,0,1,-1,,,-112.25260615227492,-41.44499874677482,,,0.2268595240002469,-111.85607960598772,-41.30607875863464,4.032376425655002,0.4997309917914663,4.063224175742103,,,-0.7426727414131165,0.41223055124282837,-3.0,0.0,
open_loop_rep0,0,1,-1,,,-112.25260615227492,-41.44499874677482,,,0.24239694100015186,-111.85607960598772,-41.30607875863464,25.586768987815958,33.72799337190554,42.3350951827342,,,-0.7426727414131165,0.41223055124282837,-3.0,0.0,
open_loop_rep0,0,1,-1,,,-112.25260615227492,-41.44499874677482,,,0.2524998799999594,-111.42949182848913,-40.74375884482062,28.118782140029907,34.84300589710392,44.773887132837636,,,-1.2044144868850708,0.5476502180099487,-3.0,0.0,
open_loop_rep0,0,1,-1,,,-112.25260615227492,-41.44499874677482,,,0.26260570799968264,-111.28791520174124,-40.602064863151,7.093852588980553,7.099732786400409,10.036381329566698,,,-1.2044144868850708,0.5476502180099487,-3.0,0.0,
open_loop_rep0,0,1,-1,,,-112.25260615227492,-41.44499874677482,,,0.27297209100015607,-111.28791520174124,-40.602064863151,-6.791586608153011,-6.3924473049235075,9.326791045277425,,,-1.2044144868850708,0.5476502180099487,-3.0,0.0,
open_loop_rep0,0,1,-1,,,-112.25260615227492,-41.44499874677482,,,0.28504217699992296,-111.46533777225757,-40.769060367760794,-9.418675509528839,-8.90794430672372,12.963908366132872,,,-1.2044144868850708,0.5476502180099487,-3.0,0.0,
open_loop_rep0,0,1,-1,,,-112.25260615227492,-41.44499874677482,,,0.29724733700004435,-111.5151213174548,-40.81696878863334,-1.8567173547180573,-1.7867830850286737,2.5768184119677127,,,-1.743955135345459,0.4670385420322418,-3.0,0.0,
open_loop_rep0,0,1,-1,,,-112.25260615227492,-41.44499874677482,,,0.307445239000117,-111.5151213174548,-40.81696878863334,0.0,2.2737367544323206e-13,2.2737367544323206e-13,,,-1.743955135345459,0.4670385420322418,-3.0,0.0,
open_loop_rep0,0,1,-1,,,-112.25260615227492,-41.44499874677482,,,0.31770830700043007,-111.5151213174548,-40.81696878863334,-3.6369935649968284,-6.022386449216583,7.035400538386984,,,-1.743955135345459,0.4670385420322418,-3.0,0.0,
open_loop_rep0,0,1,-1,,,-112.25260615227492,-41.44499874677482,,,0.3368740189998789,-111.71499818856694,-41.14793878860328,-70.71320521468624,-73.88939579881526,102.27414239800942,,,-1.743955135345459,0.4670385420322418,-3.0,0.0,
open_loop_rep0,0,1,-1,,,-112.25260615227492,-41.44499874677482,,,0.3497737899997446,-113.15059408597689,-42.59269636758168,-55.15335097969455,-55.505328468638254,78.2478984554908,,,-1.743955135345459,0.4670385420322418,-3.0,0.0,
open_loop_rep0,0,1,-1,,,-112.25260615227492,-41.44499874677482,,,0.3624479500003872,-113.15059408597689,-42.59269636758168,-21.11145200075498,-20.80712244694587,29.641689393527827,,,-1.9090503454208374,0.3749929666519165,-3.0,0.0,
open_loop_rep0,0,1,-1,,,-112.25260615227492,-41.44499874677482,,,0.3746447209996404,-113.65587841734354,-43.090696834479594,-22.578555469064213,-32.917132306947224,39.916522473565735,,,-1.9090503454208374,0.3749929666519165,-3.0,0.0,
open_loop_rep0,0,1,-1,,,-112.25260615227492,-41.44499874677482,,,0.3909271559996341,-113.61379357925887,-43.45465694122301,9.670082510203429,-9.671339120896391,13.676450422003628,,,-1.9090503454208374,0.3749929666519165,-3.0,0.0,
open_loop_rep0,0,1,-1,,,-112.25260615227492,-41.44499874677482,,,0.4010421880002468,-113.47145785174942,-43.47279559239066,59.67326314811089,75.13376632336713,95.94780443907003,,,-1.9090503454208374,0.3749929666519165,-3.0,0.0,
open_loop_rep0,0,1,-1,,,-112.25260615227492,-41.44499874677482,,,0.4111880709997422,-112.40194066855712,-41.92762429978688,52.80667121223814,76.29176388879341,92.78457717627873,,,-2.4372072219848633,0.28176501393318176,-3.0,0.0,
open_loop_rep0,0,1,-1,,,-112.25260615227492,-41.44499874677482,,,0.4213724170003843,-112.40194066855712,-41.92762429978688,17.526384779698674,-16.305327907435185,23.938209657679874,,,-2.4372072219848633,0.28176501393318176,-3.0,0.0,
open_loop_rep0,0,1,-1,,,-112.25260615227492,-41.44499874677482,,,0.43346142900009,-111.93856235695598,-42.35871921244689,36.371651921807825,-17.737020310806997,40.46602220415452,,,-2.4372072219848633,0.28176501393318176,-3.0,0.0,
open_loop_rep0,0,1,-1,,,-112.25260615227492,-41.44499874677482,,,0.4505746229997385,-111.36358201750637,-42.22806305554578,12.50469968809648,2.841516296040936,12.82348350293891,,,-2.4372072219848633,0.28176501393318176,-3.0,0.0,
open_loop_rep0,0,1,-1,,,-112.25260615227492,-41.44499874677482,,,0.4607194879999952,-111.36358201750637,-42.22806305554578,-9.094947017729282e-13,0.0,9.094947017729282e-13,,,-2.4372072219848633,0.28176501393318176,-3.0,0.0,
open_loop_rep0,0,1,-1,,,-112.25260615227492,-41.44499874677482,,,0.47084283500043966,-111.36358201750637,-42.22806305554578,-9.094947017729282e-13,-2.2737367544323206e-13,9.374856803373542e-13,,,-2.9733452796936035,0.18171720206737518,-3.0,0.0,
open_loop_rep0,0,1,-1,,,-112.25260615227492,-41.44499874677482,,,0.481761717000154,-111.36358201750637,-42.22806305554578,-23.19892162128599,-12.575091170598398,26.38793061873993,,,-2.9733452796936035,0.18171720206737518,-3.0,0.0,
open_loop_rep0,0,1,-1,,,-112.25260615227492,-41.44499874677482,,,0.49413247000029514,-111.97571875271592,-42.55987482592867,-27.348429365588345,-14.824352539275196,31.107844942607162,,,-2.9733452796936035,0.18171720206737518,-3.0,0.0,
open_loop_rep0,0,1,-1,,,-112.25260615227492,-41.44499874677482,,,0.5094174799996836,-111.97571875271592,-42.55987482592867,-31.51218448750842,-94.73712214935131,99.84057333727544,,,-3.0067150592803955,0.12784267961978912,-3.0,0.0,
open_loop_rep0,0,1,-1,,,-112.25260615227492,-41.44499874677482,,,0.5195315490000212,-112.50532934715963,-44.15207747367897,-28.355465659404217,-76.47965383431597,81.5669656379251,,,-3.0067150592803955,0.12784267961978912,-3.0,0.0,
open_loop_rep0,0,1,-1,,,-112.25260615227492,-41.44499874677482,,,0.5318150969997077,-112.49547027776488,-43.883952205381846,-0.6604498558326668,9.379722501083165,9.402945719794156,,,-3.0067150592803955,0.12784267961978912,-3.0,0.0,
open_loop_rep0,0,1,-1,,,-112.25260615227492,-41.44499874677482,,,0.5506521799998154,-112.5501751391892,-44.06685980142508,-0.31543153009693015,-0.5218591982063572,0.6097819880349636,,,-3.0067150592803955,0.12784267961978912,-3.0,0.0,
open_loop_rep0,0,1,-1,,,-112.25260615227492,-41.44499874677482,,,0.5748838520003119,-112.47712659929236,-43.79310101195742,1.4639793006595028,5.705085368016626,5.889926523235828,,,-3.014904499053955,0.10443801432847977,-3.0,0.0,
open_loop_rep0,0,1,-1,,,-112.25260615227492,-41.44499874677482,,,0.6058243719999155,-112.49308995616886,-43.83752350570086,-133.69281379402992,31.73110572145947,137.40681034967514,,,-3.014904499053955,0.10443801432847977,-3.0,0.0,
open_loop_rep0,0,1,-1,,,-112.25260615227492,-41.44499874677482,,,0.6277556380000533,-117.49542040511116,-42.62603082548153,-131.16247444814326,32.476492156584186,135.12334086365874,,,-3.013115644454956,0.08588261157274246,-3.0,0.0,
open_loop_rep0,0,1,-1,,,-112.25260615227492,-41.44499874677482,,,0.6607420640002601,-117.01294750573511,-42.684164409178045,18.251596997169145,-26.63617348620528,32.28941825016826,,,-3.013115644454956,0.08588261157274246,-3.0,0.0,
open_loop_rep0,0,1,-1,,,-112.25260615227492,-41.44499874677482,,,0.6757930189996841,-116.7133478833137,-43.25588296171466,-156.7624925033988,108.80120035604796,190.81975855449312,,,-2.99757981300354,0.061663322150707245,-3.0,0.0,
open_loop_rep0,0,1,-1,,,-112.25260615227492,-41.44499874677482,,,0.6859705690003466,-119.52465814630412,-41.13834894475868,-182.37401778381445,132.12711651954396,225.2062549805849,,,-2.99757981300354,0.061663322150707245,-3.0,0.0,
open_loop_rep0,0,1,-1,,,-112.25260615227492,-41.44499874677482,,,0.6967627290005112,-120.41882925729597,-40.58137127990969,-52.18904837000832,33.67370217466271,62.10970123833275,,,-2.99757981300354,0.061663322150707245,-3.0,0.0,
open_loop_rep0,0,1,-1,,,-112.25260615227492,-41.44499874677482,,,0.7227084559999639,-119.86014405596653,-40.82645901075501,-17.375029863311738,-84.65193228426949,86.4166725939591,,,-2.946925163269043,-0.0023746187798678875,-3.0,0.0,
open_loop_rep0,0,1,-1,,,-112.25260615227492,-41.44499874677482,,,0.7478071639998234,-121.24089229423907,-44.77705947537723,8.32527491296787,-129.2514172908377,129.51926140179597,,,-2.946925163269043,-0.0023746187798678875,-3.0,0.0,
open_loop_rep0,0,1,-1,,,-112.25260615227492,-41.44499874677482,,,0.7582128069998362,-120.88101835117364,-46.00055785266183,10.572575574008624,-88.84421805837587,89.47108156646127,,,-2.946925163269043,-0.0023746187798678875,-3.0,0.0,
open_loop_rep0,0,1,-1,,,-112.25260615227492,-41.44499874677482,,,0.7711431329998959,-121.13012459801031,-46.687624115292714,41.299159102811245,77.83433818194135,88.11245509472613,,,-2.888789653778076,-0.0252069141715765,-3.0,0.0,
open_loop_rep0,0,1,-1,,,-112.25260615227492,-41.44499874677482,,,0.7817828489996828,-120.16047846053205,-44.71285790194405,46.33782536575927,94.37089304591996,105.13353182458995,,,-2.888789653778076,-0.0252069141715765,-3.0,0.0,
open_loop_rep0,0,1,-1,,,-112.25260615227492,-41.44499874677482,,,0.7927885839999362,-120.16047846053205,-44.71285790194405,-301.9350555416004,106.67365849873045,320.22499462473735,,,-2.886970281600952,-0.027333451434969902,-3.0,0.0,
open_loop_rep0,0,1,-1,,,-112.25260615227492,-41.44499874677482,,,0.8057150590002493,-128.64754101007009,-41.714378608299896,-471.8256351084283,166.66419092100432,500.39622548618877,,,-2.886970281600952,-0.027333451434969902,-3.0,0.0,
open_loop_rep0,0,1,-1,,,-112.25260615227492,-41.44499874677482,,,0.8158107939998445,-131.95432275436443,-40.54666456709111,-108.21652049537352,32.928893456086826,113.11554858801647,,,-2.886970281600952,-0.027333451434969902,-3.0,0.0,
open_loop_rep0,0,1,-1,,,-112.25260615227492,-41.44499874677482,,,0.8259611960002076,-130.8144628049219,-41.05676598146041,121.96118504086098,-50.409535072043354,131.96837455523465,,,-2.886970281600952,-0.027333451434969902,-3.0,0.0,
open_loop_rep0,0,1,-1,,,-112.25260615227492,-41.44499874677482,,,0.8364444489998277,-129.4312788057935,-41.586902552663105,63.44895873718906,-25.727688816808495,68.46666587974073,,,-2.886970281600952,-0.027333451434969902,-3.0,0.0,
open_loop_rep0,0,1,-1,,,-112.25260615227492,-41.44499874677482,,,0.8522460149997642,-130.06005500451826,-41.40175113812329,-48.8149629526697,14.374207324841336,50.88731123067948,,,-2.892901659011841,-0.058065805584192276,-3.0,0.0,
open_loop_rep0,0,1,-1,,,-112.25260615227492,-41.44499874677482,,,0.863614896999934,-130.688831203243,-41.21659972358347,69.24594766358769,-24.17855133776743,73.34578115080227,,,-2.892901659011841,-0.058065805584192276,-3.0,0.0,
open_loop_rep0,0,1,-1,,,-112.25260615227492,-41.44499874677482,,,0.8778593520000868,-127.47952348377454,-42.28319186249668,93.52032888290705,-31.080861149584052,98.54984446546236,,,-2.892901659011841,-0.058065805584192276,-3.0,0.0,
open_loop_rep0,0,1,-1,,,-112.25260615227492,-41.44499874677482,,,0.8879680689997258,-127.47952348377454,-42.28319186249668,3.6102222148610963,-1.1387726435480658,3.7855656874990307,,,-2.892901659011841,-0.058065805584192276,-3.0,0.0,
open_loop_rep0,0,1,-1,,,-112.25260615227492,-41.44499874677482,,,0.9163762019998103,-127.0887443636423,-42.406455347454624,17.934195512618317,-6.29897967428451,19.008222263585523,,,-2.8906667232513428,-0.05231846496462822,-3.0,0.0,
open_loop_rep0,0,1,-1,,,-112.25260615227492,-41.44499874677482,,,0.9277998059997117,-126.86467728642938,-42.48741587898741,2.1108699853693906,-0.6552897520106171,2.2102435961277,,,-2.8906667232513428,-0.05231846496462822,-3.0,0.0,
open_loop_rep0,0,1,-1,,,-112.25260615227492,-41.44499874677482,,,0.9447294450001209,-127.26809595322915,-42.33713802667063,-277.7218319655808,3.0094629911677657,277.73813713246784,,,-2.8906667232513428,-0.05231846496462822,-3.0,0.0,
open_loop_rep0,0,1,-1,,,-112.25260615227492,-41.44499874677482,,,0.9709339490000275,-144.84369461638533,-42.496251564134965,-338.57901374044695,-2.658221118094275,338.5894485729974,,,-2.8906667232513428,-0.05231846496462822,-3.0,0.0,
open_loop_rep0,0,1,-1,,,-112.25260615227492,-41.44499874677482,,,0.9962248430001637,-145.29965248544772,-42.48015315377391,-254.28761228861003,-16.870925488217836,254.84665563878104,,,-2.896122694015503,-0.05759456753730774,-3.0,0.0,
open_loop_rep0,0,1,-1,,,-112.25260615227492,-41.44499874677482,,,1.006975262999731,-149.1129817004778,-42.741526321843246,-228.88781135463478,-15.26505938080777,229.39627770435698,,,-2.896122694015503,-0.05759456753730774,-3.0,0.0,
open_loop_rep0,0,1,-1,,,-112.25260615227492,-41.44499874677482,,,1.0274315670003489,-148.89737559570952,-42.7016081906264,47.3735484311901,2.616032864714498,47.445723926520294,,,-2.8950910568237305,-0.056370917707681656,-3.0,0.0,
open_loop_rep0,0,1,-1,,,-112.25260615227492,-41.44499874677482,,,1.0430129469996245,-147.72208066685664,-42.65295862180983,72.74657453526197,2.679727681435452,72.79591367007544,,,-2.8950910568237305,-0.056370917707681656,-3.0,0.0,
open_loop_rep0,0,1,-1,,,-112.25260615227492,-41.44499874677482,,,1.0596627710001485,-146.55859547806597,-42.61621546900494,67.42280323173145,1.9119764132894943,67.44990770512405,,,-2.8950910568237305,-0.056370917707681656,-3.0,0.0,
open_loop_rep0,0,1,-1,,,-112.25260615227492,-41.44499874677482,,,1.078482298000381,-145.34199386899616,-42.586504866837814,34.23439240094831,0.7550822996263378,34.242718530241085,,,-2.8973183631896973,-0.05850685015320778,-3.0,0.0,
open_loop_rep0,0,1,-1,,,-112.25260615227492,-41.44499874677482,,,1.0932791229997747,-145.18923821698772,-42.5849141321709,4.187122021930918,0.04360297028097193,4.187349047494869,,,-2.8973183631896973,-0.05850685015320778,-3.0,0.0,
open_loop_rep0,0,1,-1,,,-112.25260615227492,-41.44499874677482,,,1.103375581000364,-145.18923821698772,-42.5849141321709,0.0,2.2737367544323206e-13,2.2737367544323206e-13,,,-2.8973183631896973,-0.05850685015320778,-3.0,0.0,
open_loop_rep0,0,1,-1,,,-112.25260615227492,-41.44499874677482,,,1.114428537999629,-145.18923821698772,-42.5849141321709,0.13541836223248538,-0.02926504485822079,0.13854448989505969,,,-2.8973183631896973,-0.05850685015320778,-3.0,0.0,
open_loop_rep0,0,1,-1,,,-112.25260615227492,-41.44499874677482,,,1.1337701009997545,-145.18203567277976,-42.58647066243653,-536.9187415239148,-115.94087155010948,549.2941112877722,,,-2.896623134613037,-0.05463305860757828,-3.0,0.0,
open_loop_rep0,0,1,-1,,,-112.25260615227492,-41.44499874677482,,,1.1522755910000342,-164.631019162904,-46.78338622398848,-761.5589822948914,-165.18407372264437,779.2675161493893,,,-2.896623134613037,-0.05463305860757828,-3.0,0.0,
open_loop_rep0,0,1,-1,,,-112.25260615227492,-41.44499874677482,,,1.162791789000039,-170.9100919936942,-48.152314349475574,-497.6511048087714,-108.49509352907432,509.340561350923,,,-2.896623134613037,-0.05463305860757828,-3.0,0.0,
open_loop_rep0,0,1,-1,,,-112.25260615227492,-41.44499874677482,,,1.1837741660001484,-177.1891648244844,-49.52124247496267,82.8667904539534,19.03903127145236,85.02581767848376,,,-2.896623134613037,-0.05463305860757828,-3.0,0.0,
open_loop_rep0,0,1,-1,,,-112.25260615227492,-41.44499874677482,,,1.2008154719997037,-170.48826410801476,-48.0303055408262,267.47173543443523,59.37384084875475,273.9824487689709,,,-2.8031821250915527,-0.13065041601657867,-3.0,0.0,
open_loop_rep0,0,1,-1,,,-112.25260615227492,-41.44499874677482,,,1.224499422000008,-168.2924333112877,-47.54955304439702,-12.321506413744828,-1.831657286478503,12.456905262506604,,,-2.8031821250915527,-0.13065041601657867,-3.0,0.0,
open_loop_rep0,0,1,-1,,,-112.25260615227492,-41.44499874677482,,,1.2423625410001478,-169.92766296409815,-47.880431296755,-52.77567352984988,-10.541957004336268,53.81825502569339,,,-2.3108255863189697,-0.26391923427581787,-3.0,0.0,
open_loop_rep0,0,1,-1,,,-112.25260615227492,-41.44499874677482,,,1.2644987149997178,-170.03249403954405,-47.894859243431235,-2.3427307634083263,-0.32243105765587643,2.364814837732723,,,-2.3108255863189697,-0.26391923427581787,-3.0,0.0,
open_loop_rep0,0,1,-1,,,-112.25260615227492,-41.44499874677482,,,1.2861698320002688,-170.03249403954405,-47.894859243431235,4.06562220316755,0.8890327432768572,4.161689935291592,,,-2.3108255863189697,-0.26391923427581787,-3.0,0.0,
open_loop_rep0,0,1,-1,,,-112.25260615227492,-41.44499874677482,,,1.3057285249997221,-169.88120868549825,-47.86177755836464,27.750332300746777,5.730787979087836,28.335893733269252,,,-2.3108255863189697,-0.26391923427581787,-3.0,0.0,
open_loop_rep0,0,1,-1,,,-112.25260615227492,-41.44499874677482,,,1.321067535000111,-169.21476689990178,-47.72528038354508,55.58953217351882,20.216390464813685,59.15148798379035,,,-1.1827354431152344,-0.39102253317832947,-3.0,0.0,
open_loop_rep0,0,1,-1,,,-112.25260615227492,-41.44499874677482,,,1.3323812139997244,-168.48452332463432,-47.40211593661919,50.27800353671955,22.032726448841913,54.89370341312273,,,-1.1827354431152344,-0.39102253317832947,-3.0,0.0,
open_loop_rep0,0,1,-1,,,-112.25260615227492,-41.44499874677482,,,1.3488801129997228,-167.99826842158518,-47.19574753782387,5.5835606486334655,2.6155595212244407,6.165817149902841,,,-1.1827354431152344,-0.39102253317832947,-3.0,0.0,
open_loop_rep0,0,1,-1,,,-112.25260615227492,-41.44499874677482,,,1.3655853999998726,-168.3090479703834,-47.319377317871066,-743.7387984880806,139.62800244220261,756.732039392078,,,-0.7687057852745056,-0.3585454523563385,-3.0,0.0,
open_loop_rep0,0,1,-1,,,-112.25260615227492,-41.44499874677482,,,1.3757059680001475,-180.28216154806336,-45.00477914079813,-832.9518924173681,193.9587319495755,855.2361339309524,,,-0.5998451113700867,-0.4015901982784271,-3.0,0.0,
open_loop_rep0,0,1,-1,,,-112.25260615227492,-41.44499874677482,,,1.3980054379999274,-181.6548631733733,-42.38670568512684,12.364270934087926,58.94819586899439,60.23093052527795,,,-0.5998451113700867,-0.4015901982784271,-3.0,0.0,
open_loop_rep0,0,1,-1,,,-112.25260615227492,-41.44499874677482,,,1.4254109780004,-178.82626746202905,-42.74007582716146,189.9556167580795,-109.82698295511909,219.41992280320943,,,-0.5998451113700867,-0.4015901982784271,-3.0,0.0,
open_loop_rep0,0,1,-1,,,-112.25260615227492,-41.44499874677482,,,1.4370119160003014,-176.19663060014238,-44.49018496051931,131.24160335779925,49.03106837331552,140.101406551664,,,-0.3428479731082916,-0.35842031240463257,-3.0,0.0,
open_loop_rep0,0,1,-1,,,-112.25260615227492,-41.44499874677482,,,1.4472789849996843,-175.716321489258,-42.170462477710444,29.514408709750114,142.54411565242117,145.56759676733347,,,-0.3428479731082916,-0.35842031240463257,-3.0,0.0,
open_loop_rep0,0,1,-1,,,-112.25260615227492,-41.44499874677482,,,1.46482832699985,-175.716321489258,-42.170462477710444,-1.2500352357310476,93.0117833491754,93.0201829168515,,,-0.2618314027786255,-0.3532108664512634,-3.0,0.0,
open_loop_rep0,0,1,-1,,,-112.25260615227492,-41.44499874677482,,,1.4753528399996867,-175.73736729118906,-40.60450056426073,-8.689250479799284,97.50946466482628,97.89585677198855,,,-0.2618314027786255,-0.3532108664512634,-3.0,0.0,
open_loop_rep0,0,1,-1,,,-112.25260615227492,-41.44499874677482,,,1.4925074040002073,-176.07347630018683,-40.36569078528073,-7.488528779836997,5.320696128113923,9.18628709404259,,,-0.2618314027786255,-0.3532108664512634,-3.0,0.0,
open_loop_rep0,0,1,-1,,,-112.25260615227492,-41.44499874677482,,,1.5031202319996737,-176.07347630018683,-40.36569078528073,2.8254111741580346,25.396464770316243,25.55314796914406,,,-0.2618314027786255,-0.3532108664512634,-3.0,0.0,
open_loop_rep0,0,1,-1,,,-112.25260615227492,-41.44499874677482,,,1.5183107980001296,-175.96912416915444,-39.42771218460485,3.743738350502099,33.65093194130509,33.85854098090122,,,-0.2618314027786255,-0.3532108664512634,-3.0,0.0,
open_loop_rep0,0,1,-1,,,-112.25260615227492,-41.44499874677482,,,1.5365043990004779,-175.96912416915444,-39.42771218460485,165.14550049864647,-354.70697795540354,391.2672699641558,,,-0.2618314027786255,-0.3532108664512634,-3.0,0.0,
open_loop_rep0,0,1,-1,,,-112.25260615227492,-41.44499874677482,,,1.5504527430002781,-171.89960702271944,-48.168405236435795,131.17823233819672,-289.682492001622,317.99948869714194,,,-0.1568564921617508,-0.296937495470047,-3.0,0.0,
open_loop_rep0,0,1,-1,,,-112.25260615227492,-41.44499874677482,,,1.563266346999626,-172.10893412701364,-47.913808263025246,-24.587996202438262,39.84859001313657,46.823922126261124,,,0.05495065450668335,-0.24995218217372894,-3.0,0.0,
open_loop_rep0,0,1,-1,,,-112.25260615227492,-41.44499874677482,,,1.576504487999955,-172.54728958084905,-47.1130349885697,-14.544326669103611,26.569095900749744,30.28950800592237,,,0.05495065450668335,-0.24995218217372894,-3.0,0.0,
open_loop_rep0,0,1,-1,,,-112.25260615227492,-41.44499874677482,,,1.5868735189997096,-172.54728958084905,-47.1130349885697,-1.8189894035458565e-12,0.0,1.8189894035458565e-12,,,0.05495065450668335,-0.24995218217372894,-3.0,0.0,
open_loop_rep0,0,1,-1,,,-112.25260615227492,-41.44499874677482,,,1.5972831799999767,-172.54728958084905,-47.1130349885697,-3.8827233334122866,7.196426147522061,8.177046519408059,,,0.05495065450668335,-0.24995218217372894,-3.0,0.0,
open_loop_rep0,0,1,-1,,,-112.25260615227492,-41.44499874677482,,,1.611642357999699,-172.6799480827164,-46.867159341619995,-6.12228326628383,11.162145247601757,12.730900946954913,,,0.05495065450668335,-0.24995218217372894,-3.0,0.0,
open_loop_rep0,0,1,-1,,,-112.25260615227492,-41.44499874677482,,,1.6328145870002118,-172.7122860588337,-46.816924654810286,-1.3563588684228307,2.9619906622060626,3.257775017238786,,,0.05495065450668335,-0.24995218217372894,-3.0,0.0,
open_loop_rep0,0,1,-1,,,-112.25260615227492,-41.44499874677482,,,1.6485469300005207,-172.73162553322067,-46.763436338256824,-164.73569251287154,131.51099210305802,210.79134097876494,,,0.10078207403421402,-0.1368972361087799,-3.0,0.0,
open_loop_rep0,0,1,-1,,,-112.25260615227492,-41.44499874677482,,,1.6586473320003279,-175.45579768359593,-44.604371853956515,-136.58187946404178,108.2490638887025,174.27699111101967,,,0.10078207403421402,-0.1368972361087799,-3.0,0.0,
open_loop_rep0,0,1,-1,,,-112.25260615227492,-41.44499874677482,,,1.6690098259996375,-175.45579768359593,-44.604371853956515,-44.68347438823548,34.7590408836063,56.61098662408482,,,0.10078207403421402,-0.1368972361087799,-3.0,0.0,
open_loop_rep0,0,1,-1,,,-112.25260615227492,-41.44499874677482,,,1.6799874309999723,-176.4659495536,-43.81858000073021,-50.16806346238445,39.02547402176583,63.559595767982614,,,0.10078207403421402,-0.1368972361087799,-3.0,0.0,
open_loop_rep0,0,1,-1,,,-112.25260615227492,-41.44499874677482,,,1.693146534999869,-176.4659495536,-43.81858000073021,-4.889586612788662,3.7450350592453105,6.159005182571178,,,0.10078207403421402,-0.1368972361087799,-3.0,0.0,
open_loop_rep0,0,1,-1,,,-112.25260615227492,-41.44499874677482,,,1.7087911750004423,-176.633389987455,-43.6903339249818,-12.246771205206642,-13.972508368434774,18.579946045633672,,,0.10078207403421402,-0.1368972361087799,-3.0,0.0,
open_loop_rep0,0,1,-1,,,-112.25260615227492,-41.44499874677482,,,1.7263027760000114,-176.8781157656048,-44.369576080909475,-28.52851530843691,-12.834999068954858,31.28279697859178,,,0.13254491984844208,-0.11337896436452866,-3.0,0.0,
open_loop_rep0,0,1,-1,,,-112.25260615227492,-41.44499874677482,,,1.7369325669997124,-177.27527309841278,-44.33854860057639,-0.8047135940341832,155.88615880591408,155.8882358333402,,,0.13254491984844208,-0.11337896436452866,-3.0,0.0,
open_loop_rep0,0,1,-1,,,-112.25260615227492,-41.44499874677482,,,1.7527939470001002,-176.42279200387352,-38.245586558998234,33.211362073208875,217.62364934243442,220.1432427395323,,,0.15138868987560272,-0.057269275188446045,-3.0,0.0,
open_loop_rep0,0,1,-1,,,-112.25260615227492,-41.44499874677482,,,1.763635367000461,-176.21489779174445,-37.120147424013,9.411701995244584,50.95042158118895,51.812407720044966,,,0.15138868987560272,-0.057269275188446045,-3.0,0.0,
open_loop_rep0,0,1,-1,,,-112.25260615227492,-41.44499874677482,,,1.774085379999633,-176.21489779174445,-37.120147424013,2.1041888921181453,-2.4314788131364367,3.215540407527911,,,0.15138868987560272,-0.057269275188446045,-3.0,0.0,
open_loop_rep0,0,1,-1,,,-112.25260615227492,-41.44499874677482,,,1.790559852000115,-176.12558229817014,-37.223355235405,3.443435806011621,-21.862428245237425,22.131945665220627,,,0.16070519387722015,-0.06058701127767563,-3.0,0.0,
open_loop_rep0,0,1,-1,,,-112.25260615227492,-41.44499874677482,,,1.8058612880004148,-176.10100414475008,-37.77955534906636,0.5703305182987606,-36.21544586258142,36.21993644287174,,,0.16070519387722015,-0.06058701127767563,-3.0,0.0,
open_loop_rep0,0,1,-1,,,-112.25260615227492,-41.44499874677482,,,1.821104724000179,-176.1080416848969,-38.329566918792224,-1.0682056241421378,-35.109150539315124,35.125397006265146,,,0.16136766970157623,-0.05128433555364609,-3.0,0.0,
open_loop_rep0,0,1,-1,,,-112.25260615227492,-41.44499874677482,,,1.8320253479996609,-176.1244524550861,-38.7053705427842,-0.7234775584747695,-16.567503244398495,16.58329230070951,,,0.16136766970157623,-0.05128433555364609,-3.0,0.0,
open_loop_rep0,0,1,-1,,,-112.25260615227492,-41.44499874677482,,,1.842164304999642,-176.1244524550861,-38.7053705427842,-4.113719375267465,12.222046791405774,12.895778955525063,,,0.16136766970157623,-0.05128433555364609,-3.0,0.0,
open_loop_rep0,0,1,-1,,,-112.25260615227492,-41.44499874677482,,,1.8522707809997883,-176.20746967769827,-38.45872261017147,-5.830349244574791,17.502548477079813,18.448094088719373,,,0.16136766970157623,-0.05128433555364609,-3.0,0.0,
open_loop_rep0,0,1,-1,,,-112.25260615227492,-41.44499874677482,,,1.873142714000096,-176.2264023449567,-38.39093673695638,-0.9576514557015798,2.497629992758334,2.67493025915319,,,0.1620800495147705,-0.046617541462183,-3.0,0.0,
open_loop_rep0,0,1,-1,,,-112.25260615227492,-41.44499874677482,,,1.8949376840000696,-176.2484251085084,-38.353571785030994,-1.186275275747903,3.0924244320822254,3.3121500415877656,,,0.1620800495147705,-0.046617541462183,-3.0,0.0,
open_loop_rep0,0,1,-1,,,-112.25260615227492,-41.44499874677482,,,1.9055022150005243,-176.2618579211935,-38.31384499952191,-0.6480596200444779,1.916599756592177,2.0231994212388917,,,0.1620800495147705,-0.046617541462183,-3.0,0.0,
open_loop_rep0,0,1,-1,,,-112.25260615227492,-41.44499874677482,,,1.9164839129998654,-176.2618579211935,-38.31384499952191,-23.188752694712548,-59.93245873152256,64.26210283784832,,,0.1620800495147705,-0.046617541462183,-3.0,0.0,
open_loop_rep0,0,1,-1,,,-112.25260615227492,-41.44499874677482,,,1.9446245270000873,-178.58655288057534,-44.3221321441901,-54.81409711876222,-139.9664064121239,150.31693240240412,,,0.1620800495147705,-0.046617541462183,-3.0,0.0,
open_loop_rep0,0,1,-1,,,-112.25260615227492,-41.44499874677482,,,1.963317812999776,-179.26605053208053,-46.02533591692274,10.960341220352348,24.170780169592035,26.539700331264072,,,0.1620800495147705,-0.046617541462183,-3.0,0.0,
open_loop_rep0,0,1,-1,,,-112.25260615227492,-41.44499874677482,,,1.9734076220001953,-178.89781008002063,-45.15361743139709,84.20656554590278,-102.6514602455104,132.77073462014144,,,0.13910019397735596,-0.018991073593497276,-3.0,0.0,
open_loop_rep0,0,1,-1,,,-112.25260615227492,-41.44499874677482,,,1.9835084129999814,-177.56482097072362,-48.10208498663198,100.76563692547734,-183.98043630655525,209.76776332064838,,,0.1110120639204979,0.018250521272420883,-3.0,0.0,
open_loop_rep0,0,1,-1,,,-112.25260615227492,-41.44499874677482,,,1.99691712799995,-176.7690979227596,-48.64798047963427,59.34372145025556,-40.711991641523255,71.96626667394231,,,0.1110120639204979,0.018250521272420883,-3.0,0.0,
open_loop_rep1,0,1,-1,,,-112.60498070800202,-43.49783493952932,,,3.907000063918531e-06,-112.60498070800202,-43.49783493952932,-0.8804165989059312,-0.18897318909729097,0.900468907751227,,,0.08433572947978973,0.004037876147776842,-3.0,0.0,
open_loop_rep1,0,1,-1,,,-112.60498070800202,-43.49783493952932,,,0.010489549999874725,-112.61421244214925,-43.49981644492673,-0.7034843725059545,-0.1505502357649675,0.7194133970458042,,,0.08433572947978973,0.004037876147776842,-3.0,0.0,
open_loop_rep1,0,1,-1,,,-112.60498070800202,-43.49783493952932,,,0.025172485999974015,-112.62090386764983,-43.50123697459672,-0.18881589533702936,-0.03969346378039518,0.19294303148548686,,,0.08433572947978973,0.004037876147776842,-3.0,0.0,
open_loop_rep1,0,1,-1,,,-112.60498070800202,-43.49783493952932,,,0.037356313000600494,-112.62050586513028,-43.50114377737747,0.014814832609772566,0.0034690765382947575,0.015215576140394019,,,0.08433572947978973,0.004037876147776842,-3.0,0.0,
open_loop_rep1,0,1,-1,,,-112.60498070800202,-43.49783493952932,,,0.047467510999922524,-112.62050586513028,-43.50114377737747,-0.023840775842927542,-0.005082992798406849,0.024376616019894423,,,0.08433572947978973,0.004037876147776842,-3.0,0.0,
open_loop_rep1,0,1,-1,,,-112.60498070800202,-43.49783493952932,,,0.059922688999904494,-112.62116858429232,-43.5012850729775,-5.127687622617941,-5.010785965796458,7.169459976188721,,,0.08433572947978973,0.004037876147776842,-3.0,0.0,
open_loop_rep1,0,1,-1,,,-112.60498070800202,-43.49783493952932,,,0.07747299400034535,-112.83665157568052,-43.71286074352118,-4.296273846412987,-4.239654279878778,6.0359454417900995,,,0.08494467288255692,0.0027025884483009577,-3.0,0.0,
open_loop_rep1,0,1,-1,,,-112.60498070800202,-43.49783493952932,,,0.09103096800026833,-112.81130100973068,-43.688481351190276,1.6956134995525645,1.6384219608128205,2.3578659125443546,,,0.08494467288255692,0.0027025884483009577,-3.0,0.0,
open_loop_rep1,0,1,-1,,,-112.60498070800202,-43.49783493952932,,,0.1101381250000486,-112.78359281174379,-43.66147709641099,0.43373245319889975,0.42043100523960675,0.6040580031128815,,,0.08657823503017426,0.0063156066462397575,-3.0,0.0,
open_loop_rep1,0,1,-1,,,-112.60498070800202,-43.49783493952932,,,0.12429065400010586,-112.78810914821412,-43.66593491556726,0.5878555285435141,0.5765403079167299,0.8233910669250013,,,0.08657823503017426,0.0063156066462397575,-3.0,0.0,
open_loop_rep1,0,1,-1,,,-112.60498070800202,-43.49783493952932,,,0.13564377700004115,-112.77317493287534,-43.65126987319536,-0.5648596990079113,1.863450482960161,1.9471810860851555,,,0.08410561829805374,0.004018251318484545,-3.0,0.0,
open_loop_rep1,0,1,-1,,,-112.60498070800202,-43.49783493952932,,,0.15807646900066175,-112.86918975714912,-43.58412573129631,-3.0641584142804277,2.1133411145517584,3.722267783792619,,,0.08410561829805374,0.004018251318484545,-3.0,0.0,
open_loop_rep1,0,1,-1,,,-112.60498070800202,-43.49783493952932,,,0.17390464500022063,-112.90410967744064,-43.56050107914447,-1.0135508101266169,0.6404125986894087,1.1989218245025166,,,0.08410561829805374,0.004018251318484545,-3.0,0.0,
open_loop_rep1,0,1,-1,,,-112.60498070800202,-43.49783493952932,,,0.1906100989999686,-112.9000137069361,-43.56482737630343,-0.634269808391764,0.41244930876928265,0.7565795544036226,,,0.08333922922611237,0.00260474206879735,-3.0,0.0,
open_loop_rep1,0,1,-1,,,-112.60498070800202,-43.49783493952932,,,0.2007191310003691,-112.9118054790358,-43.55655059809138,-0.31029816082627804,0.20668451537426336,0.3728316476744763,,,0.08333922922611237,0.00260474206879735,-3.0,0.0,
open_loop_rep1,0,1,-1,,,-112.60498070800202,-43.49783493952932,,,0.22045267500016053,-112.88494835512137,-43.57604955185021,0.9430635147737121,-0.6774882766728751,1.1611886831719167,,,0.08333922922611237,0.00260474206879735,-3.0,0.0,
open_loop_rep1,0,1,-1,,,-112.60498070800202,-43.49783493952932,,,0.2340258720005295,-112.87604970010247,-43.582345260466965,0.35219747931387246,-0.25148180300448075,0.4327657122247904,,,0.08333922922611237,0.00260474206879735,-3.0,0.0,
open_loop_rep1,0,1,-1,,,-112.60498070800202,-43.49783493952932,,,0.2445740510001997,-112.87482179148806,-43.583257213849606,0.057002128764906956,-0.04233481509527337,0.07100337494008309,,,-1.4652036428451538,0.08792269229888916,-3.0,0.0,
open_loop_rep1,0,1,-1,,,-112.60498070800202,-43.49783493952932,,,0.25469515700024203,-112.87482179148806,-43.583257213849606,-0.08272461919932539,0.06589305743227669,0.1057603784006407,,,-1.4652036428451538,0.08792269229888916,-3.0,0.0,
open_loop_rep1,0,1,-1,,,-112.60498070800202,-43.49783493952932,,,0.26511698400008754,-112.87657169101105,-43.58186335757216,-0.09761239032013691,0.07688901427354722,0.12425819594686101,,,-1.4652036428451538,0.08792269229888916,-3.0,0.0,
open_loop_rep1,0,1,-1,,,-112.60498070800202,-43.49783493952932,,,0.2752946640002847,-112.87686648107515,-43.58164590132183,-0.017926928062706793,0.013437864148954759,0.0224042617073455,,,-1.4652036428451538,0.08792269229888916,-3.0,0.0,
open_loop_rep1,0,1,-1,,,-112.60498070800202,-43.49783493952932,,,0.29495094899994,-112.87679984977756,-43.58168273396952,0.422508960072264,-0.9020847705933193,0.9961278806848785,,,-1.943099021911621,0.033690355718135834,-3.0,0.0,
open_loop_rep1,0,1,-1,,,-112.60498070800202,-43.49783493952932,,,0.3050912770004288,-112.87032296803565,-43.59553936632885,0.4122569600385759,-0.8782832781012075,0.9702253953038186,,,-1.943099021911621,0.033690355718135834,-3.0,0.0,
open_loop_rep1,0,1,-1,,,-112.60498070800202,-43.49783493952932,,,0.3153020310001011,-112.86844198383467,-43.599487745639024,0.11081731543254136,-0.23261694342295414,0.25766474296479375,,,-1.943099021911621,0.033690355718135834,-3.0,0.0,
open_loop_rep1,0,1,-1,,,-112.60498070800202,-43.49783493952932,,,0.33071822600049927,-112.86844198383467,-43.599487745639024,-21.5037852247483,22.94636708105304,31.447552229236187,,,-1.943099021911621,0.033690355718135834,-3.0,0.0,
open_loop_rep1,0,1,-1,,,-112.60498070800202,-43.49783493952932,,,0.3466610320001564,-113.56581429355707,-42.8553322007522,-29.708989042585927,31.709894760511645,43.45274969038455,,,-2.5869109630584717,-0.058764755725860596,-3.0,0.0,
open_loop_rep1,0,1,-1,,,-112.60498070800202,-43.49783493952932,,,0.37710281199997553,-113.65450920936749,-42.759989477932436,2.2702740203167195,-2.376782727846148,3.2868282983315114,,,-2.5869109630584717,-0.058764755725860596,-3.0,0.0,
open_loop_rep1,0,1,-1,,,-112.60498070800202,-43.49783493952932,,,0.3872310840006321,-113.61404680510505,-42.802625424979766,4.327642209343139,-4.575070855735703,6.297599576591908,,,-2.5869109630584717,-0.058764755725860596,-3.0,0.0,
open_loop_rep1,0,1,-1,,,-112.60498070800202,-43.49783493952932,,,0.39741746700019576,-113.56655587918353,-42.85297306188168,3.8658036169351817,-4.09897598140401,5.634362581591293,,,-2.5869109630584717,-0.058764755725860596,-3.0,0.0,
open_loop_rep1,0,1,-1,,,-112.60498070800202,-43.49783493952932,,,0.43244811500062497,-113.52707523627944,-42.89492709190433,174.5832508246549,-161.76583767212287,238.00734800898053,,,-2.5869109630584717,-0.058764755725860596,-3.0,0.0,
open_loop_rep1,0,1,-1,,,-112.60498070800202,-43.49783493952932,,,0.4447940890004247,-110.61694355651603,-45.59073781097518,119.0888019723543,-110.31833064834905,162.3338437672474,,,-2.864218235015869,0.08121810853481293,-3.0,0.0,
open_loop_rep1,0,1,-1,,,-112.60498070800202,-43.49783493952932,,,0.457400749000044,-110.61694355651603,-45.59073781097518,-4.547473508864641e-13,0.0,4.547473508864641e-13,,,-2.864218235015869,0.08121810853481293,-3.0,0.0,
open_loop_rep1,0,1,-1,,,-112.60498070800202,-43.49783493952932,,,0.4713872789998277,-110.61694355651603,-45.59073781097518,-4.377194881511286,4.049014962020578,5.962747453430769,,,-2.8516619205474854,0.08198891580104828,-3.0,0.0,
open_loop_rep1,0,1,-1,,,-112.60498070800202,-43.49783493952932,,,0.494174211000427,-110.87918798844494,-45.34815513934868,-18.312188218553274,16.952940933951595,24.954727881941988,,,-2.899822235107422,0.04484068229794502,-3.0,0.0,
open_loop_rep1,0,1,-1,,,-112.60498070800202,-43.49783493952932,,,0.5044208529998286,-111.09817507237628,-45.14538297769712,-90.35254230304281,79.07374481714373,120.0676435182681,,,-2.899822235107422,0.04484068229794502,-3.0,0.0,
open_loop_rep1,0,1,-1,,,-112.60498070800202,-43.49783493952932,,,0.5190165490002983,-113.85109200401016,-42.758681055953886,-115.98453231810163,100.46757462746109,153.44753268975433,,,-2.899822235107422,0.04484068229794502,-3.0,0.0,
open_loop_rep1,0,1,-1,,,-112.60498070800202,-43.49783493952932,,,0.5291945250000936,-114.51611823289066,-42.18363815952815,-37.5373803765151,32.45827457404562,49.62453540190898,,,-2.9083011150360107,-0.0365913026034832,-3.0,0.0,
open_loop_rep1,0,1,-1,,,-112.60498070800202,-43.49783493952932,,,0.5429363319999538,-114.51611823289066,-42.18363815952815,-102.00461578952036,-77.80440033512468,128.29055442189036,,,-2.9083011150360107,-0.0365913026034832,-3.0,0.0,
open_loop_rep1,0,1,-1,,,-112.60498070800202,-43.49783493952932,,,0.5531090300000869,-116.32193436025698,-43.56103113157901,-130.49124834185295,-84.2878974171897,155.346115319392,,,-2.9083011150360107,-0.0365913026034832,-3.0,0.0,
open_loop_rep1,0,1,-1,,,-112.60498070800202,-43.49783493952932,,,0.5634756910003489,-117.17790881416778,-43.89484043078291,-86.59479821540117,-24.278455789729833,89.93387845244922,,,-2.9083011150360107,-0.0365913026034832,-3.0,0.0,
open_loop_rep1,0,1,-1,,,-112.60498070800202,-43.49783493952932,,,0.5736606860000393,-118.10015131374757,-44.06284663304282,-14.748836102429777,20.025026621123743,24.870260504326257,,,-2.9083011150360107,-0.0365913026034832,-3.0,0.0,
open_loop_rep1,0,1,-1,,,-112.60498070800202,-43.49783493952932,,,0.5838124950005295,-117.48287582427275,-43.4900153781452,41.713531930837235,34.4407310535812,54.094202107528034,,,-2.8926119804382324,0.02220149151980877,-3.0,0.0,
open_loop_rep1,0,1,-1,,,-112.60498070800202,-43.49783493952932,,,0.5939706930003013,-117.25319320912412,-43.3636361670341,13.088225934666752,7.201588450203872,14.938692523878828,,,-2.8926119804382324,0.02220149151980877,-3.0,0.0,
open_loop_rep1,0,1,-1,,,-112.60498070800202,-43.49783493952932,,,0.6079328890000397,-117.25319320912412,-43.3636361670341,-11.174850816728394,2.821130419668407,11.525453033217987,,,-2.8926119804382324,0.02220149151980877,-3.0,0.0,
open_loop_rep1,0,1,-1,,,-112.60498070800202,-43.49783493952932,,,0.6205179010003121,-117.52059264723249,-43.29613023774507,-17.65701487915362,4.4575755518401365,18.21098993034193,,,-2.8926119804382324,0.02220149151980877,-3.0,0.0,
open_loop_rep1,0,1,-1,,,-112.60498070800202,-43.49783493952932,,,0.655972252000538,-117.78799208534086,-43.228624308456034,71.6413284577884,-9.958026358467578,72.33009216192565,,,-2.8841216564178467,-0.027481980621814728,-3.0,0.0,
open_loop_rep1,0,1,-1,,,-112.60498070800202,-43.49783493952932,,,0.6668594680004389,-116.74329042209749,-43.376696861143955,46.32599170195226,-6.566092587439016,46.78900596332616,,,-2.8841216564178467,-0.027481980621814728,-3.0,0.0,
open_loop_rep1,0,1,-1,,,-112.60498070800202,-43.49783493952932,,,0.6770217399998728,-116.74329042209749,-43.376696861143955,2.024385489497945,-0.09478119674827212,2.026603090234215,,,-2.8841216564178467,-0.027481980621814728,-3.0,0.0,
open_loop_rep1,0,1,-1,,,-112.60498070800202,-43.49783493952932,,,0.7058738350006024,-116.51905494793947,-43.38719550713034,-283.6338365752508,57.17786386295734,289.33969891172376,,,-2.9001009464263916,-0.03224538639187813,-3.0,0.0,
open_loop_rep1,0,1,-1,,,-112.60498070800202,-43.49783493952932,,,0.7241253250003865,-125.06027070838816,-41.6792560941291,-249.29058755928781,49.613171126285806,254.17958965043016,,,-2.9001009464263916,-0.03224538639187813,-3.0,0.0,
open_loop_rep1,0,1,-1,,,-112.60498070800202,-43.49783493952932,,,0.7493059970001923,-123.74041325812048,-41.95732691591358,-12.711757529775241,2.449282596320927,12.945569308934935,,,-2.8904871940612793,-0.011206207796931267,-3.0,0.0,
open_loop_rep1,0,1,-1,,,-112.60498070800202,-43.49783493952932,,,0.7649227100000644,-124.56970448124594,-41.78840045535973,156.30341098008466,-239.27615670103887,285.8038408587774,,,-2.8904871940612793,-0.011206207796931267,-3.0,0.0,
open_loop_rep1,0,1,-1,,,-112.60498070800202,-43.49783493952932,,,0.7757913710001958,-121.28690720734946,-46.28076439569711,150.8030480852467,-206.0240439004965,255.31836200499748,,,-2.898592233657837,-0.022532284259796143,-3.0,0.0,
open_loop_rep1,0,1,-1,,,-112.60498070800202,-43.49783493952932,,,0.7859044209999411,-121.18498700508457,-46.41353533792212,0.20776300148781957,3.0891311109735398,3.096109895590246,,,-2.898592233657837,-0.022532284259796143,-3.0,0.0,
open_loop_rep1,0,1,-1,,,-112.60498070800202,-43.49783493952932,,,0.8005371910003305,-121.39092572221912,-46.02496225371225,-5.552113950306193,12.515203666222988,13.691467858641962,,,-2.898592233657837,-0.022532284259796143,-3.0,0.0,
open_loop_rep1,0,1,-1,,,-112.60498070800202,-43.49783493952932,,,0.8121686290005528,-121.37671572783744,-46.009200247707355,-164.26330285649055,81.31579841415521,183.2885477520477,,,-2.898592233657837,-0.022532284259796143,-3.0,0.0,
open_loop_rep1,0,1,-1,,,-112.60498070800202,-43.49783493952932,,,0.8319153219999862,-130.1680852873923,-41.72288343724874,-148.3971605285742,71.45715299586709,164.70531857598945,,,-2.892430305480957,-0.01165961567312479,-3.0,0.0,
open_loop_rep1,0,1,-1,,,-112.60498070800202,-43.49783493952932,,,0.8464716469998166,-129.14336218061337,-42.245136362970314,49.07017138770334,-24.894429472955835,55.02376158354272,,,-2.892430305480957,-0.01165961567312479,-3.0,0.0,
open_loop_rep1,0,1,-1,,,-112.60498070800202,-43.49783493952932,,,0.8613601390006806,-128.73755293152718,-42.44851529346174,15.098295934371436,-7.566794710298268,16.888307265965256,,,-2.892430305480957,-0.01165961567312479,-3.0,0.0,
open_loop_rep1,0,1,-1,,,-112.60498070800202,-43.49783493952932,,,0.8798488510001334,-128.73755293152718,-42.44851529346174,8.392241578684207,-4.144311347415282,9.359756153838147,,,-2.892430305480957,-0.01165961567312479,-3.0,0.0,
open_loop_rep1,0,1,-1,,,-112.60498070800202,-43.49783493952932,,,0.9041268010005297,-128.26626243062051,-42.681251035459134,5.560720788183971,-2.786124368214587,6.219654707401408,,,-2.892430305480957,-0.01165961567312479,-3.0,0.0,
open_loop_rep1,0,1,-1,,,-112.60498070800202,-43.49783493952932,,,0.9311835449998398,-128.53348186608366,-42.551584731422274,50.47869020371036,-24.667417178055985,56.18344627128542,,,-2.888204336166382,-0.019553080201148987,-3.0,0.0,
open_loop_rep1,0,1,-1,,,-112.60498070800202,-43.49783493952932,,,0.9420939470001031,-127.71720583981235,-42.95032535505265,36.95633699888367,-18.052708137640593,41.12992967995317,,,-2.888204336166382,-0.019553080201148987,-3.0,0.0,
open_loop_rep1,0,1,-1,,,-112.60498070800202,-43.49783493952932,,,0.9527439410003353,-127.71720583981235,-42.95032535505265,-1609.3417169804197,376.5085905916367,1652.7974711992956,,,-2.888204336166382,-0.019553080201148987,-3.0,0.0,
open_loop_rep1,0,1,-1,,,-112.60498070800202,-43.49783493952932,,,0.9630074719998447,-160.1528811391694,-35.36193672198928,-813.5399011847176,191.06383066870808,835.6749117985061,,,-2.8843398094177246,-0.019162951037287712,-3.0,0.0,
open_loop_rep1,0,1,-1,,,-112.60498070800202,-43.49783493952932,,,0.9740620030006539,-141.20468910921036,-39.7780353977183,859.8265091597486,-218.35485196564184,887.1191956162243,,,-2.8843398094177246,-0.019162951037287712,-3.0,0.0,
open_loop_rep1,0,1,-1,,,-112.60498070800202,-43.49783493952932,,,0.9881365700002789,-144.41067846810483,-39.605528195210105,-181.4826942375662,0.5169223844613953,181.48343041853022,,,-2.8890645503997803,-0.019935090094804764,-3.0,0.0,
open_loop_rep1,0,1,-1,,,-112.60498070800202,-43.49783493952932,,,1.0111466870002914,-146.84475092171803,-40.03526627981043,-32.7806084887543,-5.787451348491231,33.28757855423165,,,-2.8890645503997803,-0.019935090094804764,-3.0,0.0,
open_loop_rep1,0,1,-1,,,-112.60498070800202,-43.49783493952932,,,1.0214790700001686,-146.84475092171803,-40.03526627981043,78.64033927614491,3.818260638695847,78.7329795941459,,,-2.8890645503997803,-0.019935090094804764,-3.0,0.0,
open_loop_rep1,0,1,-1,,,-112.60498070800202,-43.49783493952932,,,1.033198934000211,-144.8776787131008,-39.93975811622963,-32.857129209202185,27.015448833170126,42.53734142524472,,,-2.8890645503997803,-0.019935090094804764,-3.0,0.0,
open_loop_rep1,0,1,-1,,,-112.60498070800202,-43.49783493952932,,,1.0588523090000308,-156.99020081083114,-38.18734320521647,-597.9588050810453,83.6524262048797,603.7817991492575,,,-2.891165256500244,-0.022651560604572296,-3.0,0.0,
open_loop_rep1,0,1,-1,,,-112.60498070800202,-43.49783493952932,,,1.0759064660005606,-168.61411299505954,-36.58679188183664,93.44476206088439,8.332974731500599,93.81557453051772,,,-2.891165256500244,-0.022651560604572296,-3.0,0.0,
open_loop_rep1,0,1,-1,,,-112.60498070800202,-43.49783493952932,,,1.0860194050001155,-163.02134113308372,-37.015361934902,367.14534667170255,-28.13408173781761,368.22171600533676,,,-2.891165256500244,-0.022651560604572296,-3.0,0.0,
open_loop_rep1,0,1,-1,,,-112.60498070800202,-43.49783493952932,,,1.1059935789999145,-163.02134113308372,-37.015361934902,-128.5794773383459,23.566516688796582,130.7213169358599,,,-2.8899643421173096,-0.023037105798721313,-3.0,0.0,
open_loop_rep1,0,1,-1,,,-112.60498070800202,-43.49783493952932,,,1.1166170920005243,-165.1138127639575,-36.63184608438988,25.170750585645237,0.1350353541693039,25.17111280002606,,,-2.8899643421173096,-0.023037105798721313,-3.0,0.0,
open_loop_rep1,0,1,-1,,,-112.60498070800202,-43.49783493952932,,,1.1325407129997984,-159.41104790693885,-37.48812238148862,215.20894292660705,-32.67443441520311,217.67523465001943,,,-2.8856265544891357,-0.02629946731030941,-3.0,0.0,
open_loop_rep1,0,1,-1,,,-112.60498070800202,-43.49783493952932,,,1.154100329999892,-158.94322082911106,-37.576666537899065,12.260172348449487,-3.953395738130439,12.881815239940112,,,-2.8856265544891357,-0.02629946731030941,-3.0,0.0,
open_loop_rep1,0,1,-1,,,-112.60498070800202,-43.49783493952932,,,1.164219342999786,-158.86398948451162,-37.615941740813035,-524.9279142888081,51.64432093512198,527.4622745604164,,,-2.8856265544891357,-0.02629946731030941,-3.0,0.0,
open_loop_rep1,0,1,-1,,,-112.60498070800202,-43.49783493952932,,,1.1800210010005685,-180.304823833098,-35.4297489191829,-625.508730994793,23.30959860553571,625.9428967069341,,,-2.361280679702759,-0.41853979229927063,-3.0,0.0,
open_loop_rep1,0,1,-1,,,-112.60498070800202,-43.49783493952932,,,1.1932261789997938,-180.49392804668634,-36.391475232862504,-6.204387794889044,-31.553622679224645,32.157822253570714,,,-2.361280679702759,-0.41853979229927063,-3.0,0.0,
open_loop_rep1,0,1,-1,,,-112.60498070800202,-43.49783493952932,,,1.2033209700002772,-180.49392804668634,-36.391475232862504,-71.4733762670653,1.1225356945902831,71.48219079882152,,,-2.361280679702759,-0.41853979229927063,-3.0,0.0,
open_loop_rep1,0,1,-1,,,-112.60498070800202,-43.49783493952932,,,1.2250254210002822,-185.3805927252784,-36.31472699714578,141.12161435170765,-1.3331919876479787,141.12791161959433,,,-2.361280679702759,-0.41853979229927063,-3.0,0.0,
open_loop_rep1,0,1,-1,,,-112.60498070800202,-43.49783493952932,,,1.2395064689999344,-179.7982578472643,-36.381078007449794,145.2971481206987,-1.379875090804262,145.30370025320923,,,-2.361280679702759,-0.41853979229927063,-3.0,0.0,
open_loop_rep1,0,1,-1,,,-112.60498070800202,-43.49783493952932,,,1.2509064440000657,-180.29749465969948,-36.36807195528587,50.99976867030273,-0.7925166972011084,51.005926000218196,,,-2.361280679702759,-0.41853979229927063,-3.0,0.0,
open_loop_rep1,0,1,-1,,,-112.60498070800202,-43.49783493952932,,,1.2613264380006513,-178.86324874012104,-36.39474417938222,67.8638820932756,-1.2620434519155879,67.87561599311299,,,-2.361280679702759,-0.41853979229927063,-3.0,0.0,
open_loop_rep1,0,1,-1,,,-112.60498070800202,-43.49783493952932,,,1.271460339999976,-178.86324874012104,-36.39474417938222,10.682846620259625,-0.21437274165486997,10.684997313259236,,,-2.361280679702759,-0.41853979229927063,-3.0,0.0,
open_loop_rep1,0,1,-1,,,-112.60498070800202,-43.49783493952932,,,1.2843675550002445,-178.54974237230755,-36.40103531338267,-38.71821908078982,21.67257202911236,44.37117157733274,,,-1.9395028352737427,-0.5114604830741882,-3.0,0.0,
open_loop_rep1,0,1,-1,,,-112.60498070800202,-43.49783493952932,,,1.3094983930004673,-182.60576223057714,-34.77208195627134,-169.66220462925594,67.8270905095901,182.71775471107247,,,-1.9395028352737427,-0.5114604830741882,-3.0,0.0,
open_loop_rep1,0,1,-1,,,-112.60498070800202,-43.49783493952932,,,1.3196434810006394,-184.3608537816132,-34.07165018758361,-131.23591706694242,52.80702837493254,141.4618258548656,,,-1.4636603593826294,-0.5359090566635132,-3.0,0.0,
open_loop_rep1,0,1,-1,,,-112.60498070800202,-43.49783493952932,,,1.3320799550001539,-185.3562688960832,-33.662417415817195,-35.93551528536227,14.77372636933751,38.85388332793215,,,-1.4636603593826294,-0.5359090566635132,-3.0,0.0,
open_loop_rep1,0,1,-1,,,-112.60498070800202,-43.49783493952932,,,1.34221296800024,-185.3562688960832,-33.662417415817195,28.06435077390438,-9.161738041943693,29.52194485988255,,,-1.4636603593826294,-0.5359090566635132,-3.0,0.0,
open_loop_rep1,0,1,-1,,,-112.60498070800202,-43.49783493952932,,,1.3680613240003368,-182.78038069586094,-34.50332811800642,26.72853425829817,-1.9624311357483748,26.800479091978442,,,-0.8414872288703918,-0.4082549214363098,-3.0,0.0,
open_loop_rep1,0,1,-1,,,-112.60498070800202,-43.49783493952932,,,1.3785006329999305,-182.80881346324952,-34.39492832510815,-1.627306698396751,6.204099188709051,6.413967090185858,,,-0.8414872288703918,-0.4082549214363098,-3.0,0.0,
open_loop_rep1,0,1,-1,,,-112.60498070800202,-43.49783493952932,,,1.3939960880006765,-182.80881346324952,-34.39492832510815,115.58802583626266,15.209263800449662,116.58436182471554,,,-0.7612895965576172,-0.42592760920524597,-3.0,0.0,
open_loop_rep1,0,1,-1,,,-112.60498070800202,-43.49783493952932,,,1.4188881480004056,-175.30958672498267,-33.40816765559679,87.01584024919975,11.449688318429708,87.76589210429891,,,-0.7612895965576172,-0.42592760920524597,-3.0,0.0,
open_loop_rep1,0,1,-1,,,-112.60498070800202,-43.49783493952932,,,1.428997660999812,-175.30958672498267,-33.40816765559679,51.63803407397609,158.41613640621745,166.61980325549064,,,-0.7612895965576172,-0.42592760920524597,-3.0,0.0,
open_loop_rep1,0,1,-1,,,-112.60498070800202,-43.49783493952932,,,1.4390953410002112,-174.26734835472848,-30.210769094810274,58.30358081198847,178.864826605345,188.12744013582974,,,-0.7612895965576172,-0.42592760920524597,-3.0,0.0,
open_loop_rep1,0,1,-1,,,-112.60498070800202,-43.49783493952932,,,1.4522038710001652,-174.26734835472848,-30.210769094810274,-2.2885303056227713,32.75503962403104,32.83488985411094,,,-0.7612895965576172,-0.42592760920524597,-3.0,0.0,
open_loop_rep1,0,1,-1,,,-112.60498070800202,-43.49783493952932,,,1.4633538460002455,-174.31456994427026,-29.534900816924303,-47.01715116338164,7.936672133707816,47.68231609389642,,,-0.49128255248069763,-0.3781943917274475,-3.0,0.0,
open_loop_rep1,0,1,-1,,,-112.60498070800202,-43.49783493952932,,,1.4740643770001043,-175.25830742400686,-29.9918824642893,-81.18377410752146,115.8393017550136,141.45511305509663,,,-0.42975035309791565,-0.3815222680568695,-3.0,0.0,
open_loop_rep1,0,1,-1,,,-112.60498070800202,-43.49783493952932,,,1.4855746490002275,-176.10704156907985,-26.69786594848384,-44.43283338584115,198.3997487490908,203.3143796842621,,,-0.42975035309791565,-0.3815222680568695,-3.0,0.0,
open_loop_rep1,0,1,-1,,,-112.60498070800202,-43.49783493952932,,,1.498371438000504,-176.25872430184864,-25.407853272963592,-5.241160983227019,44.574382194904956,44.881458493564594,,,-0.42975035309791565,-0.3815222680568695,-3.0,0.0,
open_loop_rep1,0,1,-1,,,-112.60498070800202,-43.49783493952932,,,1.5085150810000414,-176.25872430184864,-25.407853272963592,64.1412067981446,-378.5104187081606,383.90654003305207,,,-0.42975035309791565,-0.3815222680568695,-3.0,0.0,
open_loop_rep1,0,1,-1,,,-112.60498070800202,-43.49783493952932,,,1.5196375010000338,-174.7630757404875,-34.233982238429896,18.46880832480383,-361.8222503595068,362.2933034657914,,,-0.42975035309791565,-0.3815222680568695,-3.0,0.0,
open_loop_rep1,0,1,-1,,,-112.60498070800202,-43.49783493952932,,,1.5297344390000944,-175.63987862582297,-33.93011593477735,-51.64963020518735,-8.235576259561185,52.3020938076063,,,-0.42975035309791565,-0.3815222680568695,-3.0,0.0,
open_loop_rep1,0,1,-1,,,-112.60498070800202,-43.49783493952932,,,1.5406737670000439,-175.78783250554022,-34.47450032151298,-19.36332394587589,37.04744750042846,41.80253198706908,,,-0.15387946367263794,-0.384991854429245,-3.0,0.0,
open_loop_rep1,0,1,-1,,,-112.60498070800202,-43.49783493952932,,,1.5507588170003146,-176.03739477433976,-33.293747147737484,-19.608886216177325,81.85733354180195,84.17322301785055,,,-0.15387946367263794,-0.384991854429245,-3.0,0.0,
open_loop_rep1,0,1,-1,,,-112.60498070800202,-43.49783493952932,,,1.5748579150003934,-176.21413449173278,-33.34939698968064,11.450382188490039,27.260127439047665,29.56730965535433,,,-0.15387946367263794,-0.384991854429245,-3.0,0.0,
open_loop_rep1,0,1,-1,,,-112.60498070800202,-43.49783493952932,,,1.585065465000298,-176.0160391489086,-32.94329285584768,12.562321297399649,24.285627835890864,27.342341446234958,,,-0.06357400119304657,-0.3821822702884674,-3.0,0.0,
open_loop_rep1,0,1,-1,,,-112.60498070800202,-43.49783493952932,,,1.5966472919999433,-175.96048799137904,-32.86569596751887,3.9195795215591716,4.019131372397055,5.613957660546815,,,-0.06357400119304657,-0.3821822702884674,-3.0,0.0,
open_loop_rep1,0,1,-1,,,-112.60498070800202,-43.49783493952932,,,1.6120456910002758,-175.91808372670138,-32.858689873537806,2.3694370569755847,-0.6016333868267338,2.4446256766862544,,,-0.06357400119304657,-0.3821822702884674,-3.0,0.0,
open_loop_rep1,0,1,-1,,,-112.60498070800202,-43.49783493952932,,,1.625857478999933,-175.89011942866665,-32.88008963236362,1.0914555987556014,0.3712334510926212,1.1528614831214918,,,-0.04889111593365669,-0.35957613587379456,-3.0,0.0,
open_loop_rep1,0,1,-1,,,-112.60498070800202,-43.49783493952932,,,1.6386146949998874,-175.88719169936445,-32.85272278090966,0.527284991317174,-1.0065369962553632,1.1362861377747777,,,-0.04889111593365669,-0.35957613587379456,-3.0,0.0,
open_loop_rep1,0,1,-1,,,-112.60498070800202,-43.49783493952932,,,1.6548039819999758,-175.87253734840715,-32.93376946372003,-234.55773842049166,-125.65338023779282,266.0941649456431,,,-0.04889111593365669,-0.35957613587379456,-3.0,0.0,
open_loop_rep1,0,1,-1,,,-112.60498070800202,-43.49783493952932,,,1.6661765310000192,-180.42115050808238,-35.32660906342398,-265.4363605212566,-139.85882801389562,300.028254103161,,,-0.04889111593365669,-0.35957613587379456,-3.0,0.0,
open_loop_rep1,0,1,-1,,,-112.60498070800202,-43.49783493952932,,,1.676269229999889,-181.89516934052497,-36.10628965688189,-120.99362625255617,-63.99944169294804,136.87726666891146,,,-0.025140242651104927,-0.3292982876300812,-3.0,0.0,
open_loop_rep1,0,1,-1,,,-112.60498070800202,-43.49783493952932,,,1.7009804939998503,-183.36918817296757,-36.8859702503398,31.474653897297685,-25.52302346196211,40.52256858337764,,,-0.025140242651104927,-0.3292982876300812,-3.0,0.0,
open_loop_rep1,0,1,-1,,,-112.60498070800202,-43.49783493952932,,,1.7111026359998505,-182.672777880277,-37.11932214111029,46.15134900055182,71.13835794555212,84.79748218998152,,,-0.025140242651104927,-0.3292982876300812,-3.0,0.0,
open_loop_rep1,0,1,-1,,,-112.60498070800202,-43.49783493952932,,,1.7231607410003562,-182.44162283180822,-34.90852286659434,9.917667561047892,94.8539622824319,95.37103486136907,,,-0.025140242651104927,-0.3292982876300812,-3.0,0.0,
open_loop_rep1,0,1,-1,,,-112.60498070800202,-43.49783493952932,,,1.736085808000098,-182.44162283180822,-34.90852286659434,-33.08255024693972,11.052808026669936,34.88007591900727,,,-0.025140242651104927,-0.3292982876300812,-3.0,0.0,
open_loop_rep1,0,1,-1,,,-112.60498070800202,-43.49783493952932,,,1.7462285800002064,-183.04048896321592,-34.70844299564376,2.3588294303363,38.95380827092367,39.02516182015524,,,0.02414976991713047,-0.24315018951892853,-3.0,0.0,
open_loop_rep1,0,1,-1,,,-112.60498070800202,-43.49783493952932,,,1.7602960720005285,-181.80929048824441,-33.7853161237727,60.5276897184599,42.131615545625664,73.747367757355,,,0.02414976991713047,-0.24315018951892853,-3.0,0.0,
open_loop_rep1,0,1,-1,,,-112.60498070800202,-43.49783493952932,,,1.7833010969998213,-181.43235440869873,-33.699778787825174,-2.8528329430528174,106.53698662312945,106.57517616470466,,,0.02414976991713047,-0.24315018951892853,-3.0,0.0,
open_loop_rep1,0,1,-1,,,-112.60498070800202,-43.49783493952932,,,1.802331883000079,-181.78950867097143,-30.053607972381393,-6.503902167198248,66.39802677319949,66.71580549446287,,,0.03284960612654686,-0.22203388810157776,-3.0,0.0,
open_loop_rep1,0,1,-1,,,-112.60498070800202,-43.49783493952932,,,1.812424970000393,-181.78950867097143,-30.053607972381393,-3.6681420180052555,-22.693527697767024,22.988072238305993,,,0.03284960612654686,-0.22203388810157776,-3.0,0.0,
open_loop_rep1,0,1,-1,,,-112.60498070800202,-43.49783493952932,,,1.8349664020006458,-182.0568590740262,-31.70761257387967,-9.864079887724074,-29.869327126139524,31.455949755169325,,,0.03284960612654686,-0.22203388810157776,-3.0,0.0,
open_loop_rep1,0,1,-1,,,-112.60498070800202,-43.49783493952932,,,1.8479648390002694,-182.1701132712293,-31.76976126469176,-3.8094311970708077,-2.0904405089036118,4.345308684832588,,,0.026675201952457428,-0.15773941576480865,-3.0,0.0,
open_loop_rep1,0,1,-1,,,-112.60498070800202,-43.49783493952932,,,1.8580631109998649,-182.1701132712293,-31.76976126469176,0.0,0.0,0.0,,,0.026675201952457428,-0.15773941576480865,-3.0,0.0,
open_loop_rep1,0,1,-1,,,-112.60498070800202,-43.49783493952932,,,1.8681760320005196,-182.1701132712293,-31.76976126469176,1.3541641205672477,-15.183775980200608,15.24404190109528,,,0.026675201952457428,-0.15773941576480865,-3.0,0.0,
open_loop_rep1,0,1,-1,,,-112.60498070800202,-43.49783493952932,,,1.8990387000003466,-182.00077568690554,-33.66848528665496,5.385614415126838,-34.04630121045261,34.46963110828558,,,0.026675201952457428,-0.15773941576480865,-3.0,0.0,
open_loop_rep1,0,1,-1,,,-112.60498070800202,-43.49783493952932,,,1.9125577300001169,-181.92856666727536,-33.96605294887064,2.750839523274408,-11.335992238416566,11.664983416715568,,,0.026675201952457428,-0.15773941576480865,-3.0,0.0,
open_loop_rep1,0,1,-1,,,-112.60498070800202,-43.49783493952932,,,1.9269138139998176,-181.92856666727536,-33.96605294887064,67.94857475718891,38.930666679342266,78.31095465917485,,,0.019042765721678734,-0.08480121195316315,-3.0,0.0,
open_loop_rep1,0,1,-1,,,-112.60498070800202,-43.49783493952932,,,1.938525753000249,-180.50135629335188,-33.148342620919486,116.66363438824919,-64.69759694204618,133.4023337080373,,,0.019042765721678734,-0.08480121195316315,-3.0,0.0,
open_loop_rep1,0,1,-1,,,-112.60498070800202,-43.49783493952932,,,1.9537404290003906,-178.8508570624132,-36.826288225184896,126.06555865783594,-290.3767183506832,316.5614689753386,,,-0.010645601898431778,0.02580232545733452,-3.0,0.0,
open_loop_rep1,0,1,-1,,,-112.60498070800202,-43.49783493952932,,,1.964623646000291,-177.34196250401902,-40.36517770335558,52.31929640582621,-146.4250625387681,155.491503677477,,,-0.010645601898431778,0.02580232545733452,-3.0,0.0,
open_loop_rep1,0,1,-1,,,-112.60498070800202,-43.49783493952932,,,1.979718526000397,-178.35954117122915,-38.83318256503323,-43.44318222115544,67.62104398469296,80.37360058551748,,,-0.010645601898431778,0.02580232545733452,-3.0,0.0,
open_loop_rep1,0,1,-1,,,-112.60498070800202,-43.49783493952932,,,1.9906515390002824,-178.64470446923482,-38.36208482269894,-11.537062800116473,14.817294406779183,18.77913820149905,,,-0.010645601898431778,0.02580232545733452,-3.0,0.0,
open_loop_rep1,0,1,-1,,,-112.60498070800202,-43.49783493952932,,,2.0049471980000817,-178.5377380012157,-38.67874083483413,7.482444007696686,-22.15050122135925,23.380155531684423,,,-0.026806766167283058,0.04331320524215698,-3.0,0.0,
open_loop_rep2,0,1,-1,,,-109.82602965954999,-42.54409781145321,,,9.629993655835278e-07,-109.82602965954999,-42.54409781145321,-17.419665824721836,45.79906232529294,48.99998844205015,,,0.04997975751757622,-0.018252400681376457,-3.0,0.0,
open_loop_rep2,0,1,-1,,,-109.82602965954999,-42.54409781145321,,,0.013576456000009784,-110.06251021102706,-41.92235296142013,-7.196567390294149,18.592305755503958,19.936509611995547,,,0.04997975751757622,-0.018252400681376457,-3.0,0.0,
open_loop_rep2,0,1,-1,,,-109.82602965954999,-42.54409781145321,,,0.02585044899933564,-110.03739235055069,-41.99607184005844,1.4850220861271737,-4.288692003442975,4.53852065068357,,,0.0494130477309227,-0.019551724195480347,-3.0,0.0,
open_loop_rep2,0,1,-1,,,-109.82602965954999,-42.54409781145321,,,0.0361125549998178,-110.02696976963902,-42.025347462587106,-0.3626106462916141,0.8709011611795177,0.9433744290300932,,,0.0494130477309227,-0.019551724195480347,-3.0,0.0,
open_loop_rep2,0,1,-1,,,-109.82602965954999,-42.54409781145321,,,0.04622615999960544,-110.04437441955073,-41.97942455115262,4.6365270801470615,-20.049699217692705,20.578819744700727,,,0.0494130477309227,-0.019551724195480347,-3.0,0.0,
open_loop_rep2,0,1,-1,,,-109.82602965954999,-42.54409781145321,,,0.05641470999944431,-109.93188183056525,-42.436099076385226,6.560455737927441,-27.42348366072565,28.197287734450487,,,0.0494130477309227,-0.019551724195480347,-3.0,0.0,
open_loop_rep2,0,1,-1,,,-109.82602965954999,-42.54409781145321,,,0.06726920399978553,-109.91248517965613,-42.53256748608728,0.8621879861866546,-4.288054895739151,4.373875045357046,,,0.0494130477309227,-0.019551724195480347,-3.0,0.0,
open_loop_rep2,0,1,-1,,,-109.82602965954999,-42.54409781145321,,,0.07738901399989118,-109.91248517965613,-42.53256748608728,0.23789161714785223,-1.1831437341969604,1.2068229022017887,,,0.0494130477309227,-0.019551724195480347,-3.0,0.0,
open_loop_rep2,0,1,-1,,,-109.82602965954999,-42.54409781145321,,,0.10149635199923068,-109.89308852874701,-42.629035895789336,-0.04655369520696695,1.366958588841726,1.3677510848636114,,,0.05018812417984009,-0.019138848409056664,-3.0,0.0,
open_loop_rep2,0,1,-1,,,-109.82602965954999,-42.54409781145321,,,0.11976623099963035,-109.90572400730503,-42.529728770197885,-1.1866297270389623,6.346885487729878,6.456860344118393,,,0.05018812417984009,-0.019138848409056664,-3.0,0.0,
open_loop_rep2,0,1,-1,,,-109.82602965954999,-42.54409781145321,,,0.13216713199926744,-109.92460606570798,-42.44335085387774,-0.8575244631238093,3.8987610570297875,3.9919526531094784,,,-0.01588565483689308,0.07487981021404266,-3.0,0.0,
open_loop_rep2,0,1,-1,,,-109.82602965954999,-42.54409781145321,,,0.14229731099931087,-109.92778897927657,-42.429233357230814,4.0267306431242105,-5.064220028078125,6.469998776279879,,,-0.01588565483689308,0.07487981021404266,-3.0,0.0,
open_loop_rep2,0,1,-1,,,-109.82602965954999,-42.54409781145321,,,0.1524207499996919,-109.84310869776233,-42.5458326092409,2.2034837822161535,-2.397458424651859,3.2562474839028708,,,-0.01588565483689308,0.07487981021404266,-3.0,0.0,
open_loop_rep2,0,1,-1,,,-109.82602965954999,-42.54409781145321,,,0.16536065099990083,-109.9165031880733,-42.426006420326914,-2.504252433551301,4.088522502434444,4.794506909355791,,,-0.01588565483689308,0.07487981021404266,-3.0,0.0,
open_loop_rep2,0,1,-1,,,-109.82602965954999,-42.54409781145321,,,0.17559040399919468,-109.9165031880733,-42.426006420326914,9.094947017729282e-13,0.0,9.094947017729282e-13,,,-0.01588565483689308,0.07487981021404266,-3.0,0.0,
open_loop_rep2,0,1,-1,,,-109.82602965954999,-42.54409781145321,,,0.18571697299921652,-109.9165031880733,-42.426006420326914,4.547473508864641e-13,2.2737367544323206e-13,5.084229945850415e-13,,,-0.01588565483689308,0.07487981021404266,-3.0,0.0,
open_loop_rep2,0,1,-1,,,-109.82602965954999,-42.54409781145321,,,0.1990265949998502,-109.9165031880733,-42.426006420326914,-0.3316681665191936,0.8800294628144911,0.9404550112066846,,,-0.01588565483689308,0.07487981021404266,-3.0,0.0,
open_loop_rep2,0,1,-1,,,-109.82602965954999,-42.54409781145321,,,0.20913857100003952,-109.92240507142115,-42.410346698482904,-2.0632445693618138,3.108563939524629,3.730971444424883,,,-1.0796433687210083,0.16132138669490814,-3.0,0.0,
open_loop_rep2,0,1,-1,,,-109.82602965954999,-42.54409781145321,,,0.21929171400006453,-109.9584371534772,-42.36288230523586,-1.9669370309547958,2.5910096614506983,3.2530251074149628,,,-1.6665971279144287,0.1547051966190338,-3.0,0.0,
open_loop_rep2,0,1,-1,,,-109.82602965954999,-42.54409781145321,,,0.2319159659991783,-109.9584371534772,-42.36288230523586,9.094947017729282e-13,4.547473508864641e-13,1.016845989170083e-12,,,-1.6665971279144287,0.1547051966190338,-3.0,0.0,
open_loop_rep2,0,1,-1,,,-109.82602965954999,-42.54409781145321,,,0.24208564599939564,-109.9584371534772,-42.36288230523586,1.6222895832970607,-53.58619025494022,53.61074154990513,,,-1.6665971279144287,0.1547051966190338,-3.0,0.0,
open_loop_rep2,0,1,-1,,,-109.82602965954999,-42.54409781145321,,,0.25298675099929824,-109.9217957305611,-43.57319289331463,18.005841325250913,-78.66058730291115,80.69509474973692,,,-1.6665971279144287,0.1547051966190338,-3.0,0.0,
open_loop_rep2,0,1,-1,,,-109.82602965954999,-42.54409781145321,,,0.26311146699936216,-109.60177956745896,-44.06525299794085,27.25453918282915,-32.000724334491224,42.03398938954603,,,-1.6665971279144287,0.1547051966190338,-3.0,0.0,
open_loop_rep2,0,1,-1,,,-109.82602965954999,-42.54409781145321,,,0.28393991899974935,-109.22062224481834,-44.0205364570508,8.524457281481318,1.0000706268792783,8.582919852972331,,,-2.281860589981079,0.045733485370874405,-3.0,0.0,
open_loop_rep2,0,1,-1,,,-109.82602965954999,-42.54409781145321,,,0.30210301999977673,-109.22062224481834,-44.0205364570508,2.674822496513798,-2.9272864179121143,3.9653097180862233,,,-2.281860589981079,0.045733485370874405,-3.0,0.0,
open_loop_rep2,0,1,-1,,,-109.82602965954999,-42.54409781145321,,,0.3316558739998072,-109.0129549919766,-44.2478044456673,2.6388900434562856,6.4688897888996735,6.986435125468724,,,-2.281860589981079,0.045733485370874405,-3.0,0.0,
open_loop_rep2,0,1,-1,,,-109.82602965954999,-42.54409781145321,,,0.35591793499952473,-109.03633407297566,-43.80882803193942,-0.4816693751326966,9.044046466452073,9.056863799035787,,,-2.281860589981079,0.045733485370874405,-3.0,0.0,
open_loop_rep2,0,1,-1,,,-109.82602965954999,-42.54409781145321,,,0.3801665139999386,-109.03633407297566,-43.80882803193942,40.33095293720544,-38.71441781490398,55.905204691245295,,,-2.518913984298706,0.02281145565211773,-3.0,0.0,
open_loop_rep2,0,1,-1,,,-109.82602965954999,-42.54409781145321,,,0.3961355799992816,-107.96814448046999,-44.83420271758559,39.589738848273555,-39.70753052887949,56.07169876841968,,,-2.518913984298706,0.02281145565211773,-3.0,0.0,
open_loop_rep2,0,1,-1,,,-109.82602965954999,-42.54409781145321,,,0.41143334899970796,-107.76260392997906,-45.08256233615257,14.220845275903685,-15.72117854815474,21.198771080045017,,,-2.7017476558685303,0.011600879952311516,-3.0,0.0,
open_loop_rep2,0,1,-1,,,-109.82602965954999,-42.54409781145321,,,0.4308226349994584,-107.46758379207915,-45.37475699836966,1.696799888449732,-25.778817046555105,25.834599632686455,,,-2.7017476558685303,0.011600879952311516,-3.0,0.0,
open_loop_rep2,0,1,-1,,,-109.82602965954999,-42.54409781145321,,,0.44779558799928054,-107.63964341520972,-45.97140999703634,-124.51403127201138,99.67050096979597,159.49279841791454,,,-2.7017476558685303,0.011600879952311516,-3.0,0.0,
open_loop_rep2,0,1,-1,,,-109.82602965954999,-42.54409781145321,,,0.4611363399999391,-110.50009047472535,-43.22799122779177,-132.86693145783374,124.91105669210447,182.3633558557169,,,-2.7017476558685303,0.011600879952311516,-3.0,0.0,
open_loop_rep2,0,1,-1,,,-109.82602965954999,-42.54409781145321,,,0.4740470929991716,-111.19660062099727,-42.623997236071375,-51.1068291630927,44.31840356613702,67.64635157757237,,,-2.7366726398468018,0.05985327437520027,-3.0,0.0,
open_loop_rep2,0,1,-1,,,-109.82602965954999,-42.54409781145321,,,0.48858578799990937,-111.89311076726919,-42.02000324435098,-5.704805105966898,-2.4456128365357017,6.20691738653691,,,-2.7366726398468018,0.05985327437520027,-3.0,0.0,
open_loop_rep2,0,1,-1,,,-109.82602965954999,-42.54409781145321,,,0.5069553710000037,-111.0183893615383,-43.08591993295396,14.790742782132838,-27.176677775955568,30.94087728208966,,,-2.7366726398468018,0.05985327437520027,-3.0,0.0,
open_loop_rep2,0,1,-1,,,-109.82602965954999,-42.54409781145321,,,0.5222679549997338,-111.21092150261751,-43.10829221619189,-14.095972112285835,2.087600747430997,14.249719529556168,,,-2.7366726398468018,0.05985327437520027,-3.0,0.0,
open_loop_rep2,0,1,-1,,,-109.82602965954999,-42.54409781145321,,,0.5414942779998455,-111.51868926004789,-42.9824898399166,-8.092419758379492,3.307837194906597,8.742370642670004,,,-2.7366726398468018,0.05985327437520027,-3.0,0.0,
open_loop_rep2,0,1,-1,,,-109.82602965954999,-42.54409781145321,,,0.5611510629996701,-111.51868926004789,-42.9824898399166,2.8764556194801116,-33.64569546862572,33.7684293460377,,,-2.8332393169403076,0.024370631203055382,-3.0,0.0,
open_loop_rep2,0,1,-1,,,-109.82602965954999,-42.54409781145321,,,0.5762899989995276,-111.44160488014258,-43.884140313547455,-5.700750209054149,-47.245198402590404,47.58789052948409,,,-2.8209047317504883,0.034645773470401764,-3.0,0.0,
open_loop_rep2,0,1,-1,,,-109.82602965954999,-42.54409781145321,,,0.5940366189997803,-111.76729643346069,-44.46642593489885,-40.32148179972501,19.95505250583801,44.98917664323617,,,-2.823129177093506,0.020666029304265976,-3.0,0.0,
open_loop_rep2,0,1,-1,,,-109.82602965954999,-42.54409781145321,,,0.6123485719999735,-112.9207754113566,-43.10397846081984,-28.519584320538343,42.88094512648877,51.49895285107492,,,-2.823129177093506,0.020666029304265976,-3.0,0.0,
open_loop_rep2,0,1,-1,,,-109.82602965954999,-42.54409781145321,,,0.6225028819999352,-113.0162750666254,-42.846039675711744,-4.475052485794549,17.53646866854342,18.09844822390641,,,-2.8265380859375,0.008098244667053223,-3.0,0.0,
open_loop_rep2,0,1,-1,,,-109.82602965954999,-42.54409781145321,,,0.6466091649999726,-112.84202911565964,-42.8734251748027,0.9268372561973592,1.8614657087614432,2.079442686002716,,,-2.8265380859375,0.008098244667053223,-3.0,0.0,
open_loop_rep2,0,1,-1,,,-109.82602965954999,-42.54409781145321,,,0.6619555819997913,-112.8893686354922,-42.81557352708931,3.370417983915104,-3.009881666609658,4.51875038404328,,,-2.8265380859375,0.008098244667053223,-3.0,0.0,
open_loop_rep2,0,1,-1,,,-109.82602965954999,-42.54409781145321,,,0.6827841079993959,-112.63668743376978,-43.06991723581186,-501.22046144051546,-449.2064035111289,673.0589453547485,,,-2.8357479572296143,0.008372829295694828,-3.0,0.0,
open_loop_rep2,0,1,-1,,,-109.82602965954999,-42.54409781145321,,,0.6951837859996886,-122.64112128169802,-51.86574236045577,-515.823284612391,-453.1641054633983,686.6085984232631,,,-2.8357479572296143,0.008372829295694828,-3.0,0.0,
open_loop_rep2,0,1,-1,,,-109.82602965954999,-42.54409781145321,,,0.7142891089997647,-123.92962820762973,-52.98189166722871,6.076419103522312,6.050915505464445,8.575339502079258,,,-2.8357479572296143,0.008372829295694828,-3.0,0.0,
open_loop_rep2,0,1,-1,,,-109.82602965954999,-42.54409781145321,,,0.7302012860000104,-122.85861661113675,-52.03118250757831,-461.2967534842837,-143.98520450780143,483.24572827112854,,,-2.8295249938964844,0.001274862326681614,-3.0,0.0,
open_loop_rep2,0,1,-1,,,-109.82602965954999,-42.54409781145321,,,0.7403313729992078,-130.94059711974802,-54.803649121545135,-440.42034400731427,-151.08310377277576,465.6137709101143,,,-2.8295249938964844,0.001274862326681614,-3.0,0.0,
open_loop_rep2,0,1,-1,,,-109.82602965954999,-42.54409781145321,,,0.7528146059994469,-130.94059711974802,-54.803649121545135,12.664491194896527,18.753521298836176,22.62927083075179,,,-2.8295249938964844,0.001274862326681614,-3.0,0.0,
open_loop_rep2,0,1,-1,,,-109.82602965954999,-42.54409781145321,,,0.7688522089993057,-130.47654968137167,-54.116489772990455,25.806991872123035,29.462301170580076,39.166669755722005,,,-2.8255398273468018,0.0018652603030204773,-3.0,0.0,
open_loop_rep2,0,1,-1,,,-109.82602965954999,-42.54409781145321,,,0.7868747539996548,-130.0747932926269,-53.85658172868542,60.464079174872495,25.096726133720267,65.46564391416469,,,-2.8255398273468018,0.0018652603030204773,-3.0,0.0,
open_loop_rep2,0,1,-1,,,-109.82602965954999,-42.54409781145321,,,0.8025605610000639,-128.60523693350837,-53.317177593726846,52.16171585337315,19.72091952656706,55.76521557154938,,,-2.8255398273468018,0.0018652603030204773,-3.0,0.0,
open_loop_rep2,0,1,-1,,,-109.82602965954999,-42.54409781145321,,,0.8233034569993833,-128.66230672010295,-53.310433339899504,14.432645377315566,3.6403504407680884,14.884670097753219,,,-2.8255398273468018,0.0018652603030204773,-3.0,0.0,
open_loop_rep2,0,1,-1,,,-109.82602965954999,-42.54409781145321,,,0.8370748199995433,-128.30643831232095,-53.22999004034596,14.858666215698577,4.135718963784257,15.423492894184086,,,-2.820669651031494,-0.002160798991099,-3.0,0.0,
open_loop_rep2,0,1,-1,,,-109.82602965954999,-42.54409781145321,,,0.8472061289994599,-128.2377576724933,-53.20080250916334,3.5430859078278445,1.5057217095954911,3.8497604622879367,,,-2.820669651031494,-0.002160798991099,-3.0,0.0,
open_loop_rep2,0,1,-1,,,-109.82602965954999,-42.54409781145321,,,0.8582989930000622,-128.2377576724933,-53.20080250916334,0.8965888076770625,-0.015208984478363163,0.8967177946604158,,,-2.820669651031494,-0.002160798991099,-3.0,0.0,
open_loop_rep2,0,1,-1,,,-109.82602965954999,-42.54409781145321,,,0.8832710719998431,-128.1649646797495,-53.20203730875853,-535.3807802968486,-137.27824593190712,552.7005488665662,,,-2.814056396484375,-0.010351501405239105,-3.0,0.0,
open_loop_rep2,0,1,-1,,,-109.82602965954999,-42.54409781145321,,,0.8998566739992384,-142.97422277693192,-56.99053589669595,-596.9749469306907,-153.77240114057258,616.4617089612608,,,-2.814056396484375,-0.010351501405239105,-3.0,0.0,
open_loop_rep2,0,1,-1,,,-109.82602965954999,-42.54409781145321,,,0.9133502959994075,-147.78090942970377,-58.24598609937629,-235.64995298747863,-62.17157160611157,243.71336577827395,,,-2.814056396484375,-0.010351501405239105,-3.0,0.0,
open_loop_rep2,0,1,-1,,,-109.82602965954999,-42.54409781145321,,,0.9372597459996541,-148.30721563537034,-58.424711571623945,4.626419888623786,0.22540485503145646,4.631907634498499,,,-2.813875198364258,-0.011926606297492981,-3.0,0.0,
open_loop_rep2,0,1,-1,,,-109.82602965954999,-42.54409781145321,,,0.9564439389996551,-147.80841443408258,-58.30185510617389,64.80217000917673,14.920491649180804,66.4976864932271,,,-2.813875198364258,-0.011926606297492981,-3.0,0.0,
open_loop_rep2,0,1,-1,,,-109.82602965954999,-42.54409781145321,,,0.967868284999895,-146.8041138202125,-58.07345837787243,42.83949594882324,9.742501977660595,43.933344488371965,,,-2.813875198364258,-0.011926606297492981,-3.0,0.0,
open_loop_rep2,0,1,-1,,,-109.82602965954999,-42.54409781145321,,,0.9787274089994753,-146.8041138202125,-58.07345837787243,109.72509983762848,29.435453841232174,113.60476872568707,,,-2.8119957447052,-0.009793462231755257,-3.0,0.0,
open_loop_rep2,0,1,-1,,,-109.82602965954999,-42.54409781145321,,,0.9890471249991606,-144.59569668941788,-57.48101635128154,-114.17449739553467,-36.354147095507415,119.82253488624227,,,-2.8119957447052,-0.009793462231755257,-3.0,0.0,
open_loop_rep2,0,1,-1,,,-109.82602965954999,-42.54409781145321,,,1.0031403029997819,-152.52096098317014,-59.7979626789105,-234.76186921828594,-68.63249357897257,244.58854105156132,,,-2.8119957447052,-0.009793462231755257,-3.0,0.0,
open_loop_rep2,0,1,-1,,,-109.82602965954999,-42.54409781145321,,,1.013240074999885,-152.52096098317014,-59.7979626789105,-370.6814994613442,-89.11855883712042,381.24387414372416,,,-2.8119957447052,-0.009793462231755257,-3.0,0.0,
open_loop_rep2,0,1,-1,,,-109.82602965954999,-42.54409781145321,,,1.0249724759996752,-161.92194260425066,-62.05812925032667,-632.1192300885332,-156.93835936378446,651.3097340647661,,,-2.8174266815185547,-0.00934083852916956,-3.0,0.0,
open_loop_rep2,0,1,-1,,,-109.82602965954999,-42.54409781145321,,,1.0351928219997717,-166.87632113487734,-63.34420811812045,-245.0770655381466,-63.618157761080965,253.1996012036804,,,-2.8174266815185547,-0.00934083852916956,-3.0,0.0,
open_loop_rep2,0,1,-1,,,-109.82602965954999,-42.54409781145321,,,1.0456433350000225,-166.87632113487734,-63.34420811812045,188.0702322345569,54.31827195264805,195.75721422384922,,,-2.8174266815185547,-0.00934083852916956,-3.0,0.0,
open_loop_rep2,0,1,-1,,,-109.82602965954999,-42.54409781145321,,,1.0556950329992105,-163.16761364293095,-62.27306262238287,197.0724821995709,56.91829352956347,205.1274125479521,,,-2.8174266815185547,-0.00934083852916956,-3.0,0.0,
open_loop_rep2,0,1,-1,,,-109.82602965954999,-42.54409781145321,,,1.067219285999272,-163.16761364293095,-62.27306262238287,67.28275356167433,18.502088035229917,69.78034242180527,,,-2.8174266815185547,-0.00934083852916956,-3.0,0.0,
open_loop_rep2,0,1,-1,,,-109.82602965954999,-42.54409781145321,,,1.0773138360000303,-161.89349585101246,-61.92269290198015,-467.0539961699242,-198.34034576957765,507.423223846023,,,-2.8174266815185547,-0.00934083852916956,-3.0,0.0,
open_loop_rep2,0,1,-1,,,-109.82602965954999,-42.54409781145321,,,1.089217015000031,-175.7800100538905,-67.55461826046775,-480.68298235285874,-211.47174542665425,525.1441979470347,,,-2.815354585647583,-0.00916150864213705,-3.0,0.0,
open_loop_rep2,0,1,-1,,,-109.82602965954999,-42.54409781145321,,,1.0997736760000407,-174.4323346887213,-67.33715057546388,-10.870773464561353,-23.000312490940814,25.439891713581236,,,-2.815354585647583,-0.00916150864213705,-3.0,0.0,
open_loop_rep2,0,1,-1,,,-109.82602965954999,-42.54409781145321,,,1.1125320199998896,-176.7070799930634,-68.30287940382482,-82.02106992956578,-34.82152995888919,89.10664880393908,,,-2.809197425842285,-0.009033373557031155,-3.0,0.0,
open_loop_rep2,0,1,-1,,,-109.82602965954999,-42.54409781145321,,,1.1234015889995135,-176.7070799930634,-68.30287940382482,215.0588559634798,74.98064107786968,227.7551493704787,,,-2.809197425842285,-0.009033373557031155,-3.0,0.0,
open_loop_rep2,0,1,-1,,,-109.82602965954999,-42.54409781145321,,,1.1335990829993534,-172.45655611893903,-66.82092692355701,299.72975552322214,105.94511308142569,317.90296213128715,,,-2.809197425842285,-0.009033373557031155,-3.0,0.0,
open_loop_rep2,0,1,-1,,,-109.82602965954999,-42.54409781145321,,,1.1514142209998681,-170.7610714674711,-66.15913520914694,54.95467381917024,19.218225417125268,58.218178971476206,,,-2.809197425842285,-0.009033373557031155,-3.0,0.0,
open_loop_rep2,0,1,-1,,,-109.82602965954999,-42.54409781145321,,,1.1641720109992093,-170.4273924654032,-66.07775908357141,13.598212705079277,7.906865417901827,15.729904942795786,,,-2.8063111305236816,-0.015418238937854767,-3.0,0.0,
open_loop_rep2,0,1,-1,,,-109.82602965954999,-42.54409781145321,,,1.175995707999391,-170.40420768762698,-65.96752336340829,8.588538761945529,7.8676374902404405,11.647433955308687,,,-2.8063111305236816,-0.015418238937854767,-3.0,0.0,
open_loop_rep2,0,1,-1,,,-109.82602965954999,-42.54409781145321,,,1.190748440999414,-170.15550540671904,-65.87824888246833,3.8671111038556774,-44.205990645430575,44.37481444731301,,,-2.8063111305236816,-0.015418238937854767,-3.0,0.0,
open_loop_rep2,0,1,-1,,,-109.82602965954999,-42.54409781145321,,,1.208141912999963,-170.3546468038136,-67.67776770185463,-8.067293332160261,-58.20740101074716,58.76378777898041,,,-2.8063111305236816,-0.015418238937854767,-3.0,0.0,
open_loop_rep2,0,1,-1,,,-109.82602965954999,-42.54409781145321,,,1.219036146999315,-170.41945732665513,-68.00311553850412,-5.290699752898263,-21.049210901112247,21.70393474545158,,,-2.8063111305236816,-0.015418238937854767,-3.0,0.0,
open_loop_rep2,0,1,-1,,,-109.82602965954999,-42.54409781145321,,,1.2507609819995196,-170.52648060731914,-67.85652227183002,-1.093963984718357,1.4984380328155567,1.8552826571843497,,,-1.7730075120925903,-0.4244079887866974,-3.0,0.0,
open_loop_rep2,0,1,-1,,,-109.82602965954999,-42.54409781145321,,,1.2659860289995777,-170.52648060731914,-67.85652227183002,-1.2526858424989769,8.021734952471434,8.118956427257093,,,-1.264047622680664,-0.44486352801322937,-3.0,0.0,
open_loop_rep2,0,1,-1,,,-109.82602965954999,-42.54409781145321,,,1.2808289279992096,-170.56320089044075,-67.62137921473781,-14.70906552431643,8.184108266293379,16.832594473611184,,,-1.264047622680664,-0.44486352801322937,-3.0,0.0,
open_loop_rep2,0,1,-1,,,-109.82602965954999,-42.54409781145321,,,1.3075728209996669,-171.54615392916662,-67.77152167351692,2.9550301032568314,2.3897259188124735,3.800393779360002,,,-1.264047622680664,-0.44486352801322937,-3.0,0.0,
open_loop_rep2,0,1,-1,,,-109.82602965954999,-42.54409781145321,,,1.3326396590000513,-170.53911205871376,-67.52356970824877,22.870853546930448,6.23429665988624,23.705324229139112,,,-1.264047622680664,-0.44486352801322937,-3.0,0.0,
open_loop_rep2,0,1,-1,,,-109.82602965954999,-42.54409781145321,,,1.344713911999861,-170.36359945585025,-67.46956613506248,9.209255069063147,1.2346603849950952,9.291650294395582,,,-0.7795698642730713,-0.3842587172985077,-3.0,0.0,
open_loop_rep2,0,1,-1,,,-109.82602965954999,-42.54409781145321,,,1.3548051469997517,-170.3155928056552,-67.48441552896678,7.509490186252151,0.4945911539653025,7.525759979364084,,,-0.7795698642730713,-0.3842587172985077,-3.0,0.0,
open_loop_rep2,0,1,-1,,,-109.82602965954999,-42.54409781145321,,,1.3649001409994526,-170.21199047217718,-67.45956742083631,-1.943481835572129,-0.6980011150712926,2.0650247460598576,,,-0.6053600311279297,-0.3526535928249359,-3.0,0.0,
open_loop_rep2,0,1,-1,,,-109.82602965954999,-42.54409781145321,,,1.3755581359991993,-170.37005335702196,-67.50255786486625,-24.057941832443248,54.764663443205336,59.815992236698484,,,-0.6053600311279297,-0.3526535928249359,-3.0,0.0,
open_loop_rep2,0,1,-1,,,-109.82602965954999,-42.54409781145321,,,1.3937670519999301,-171.0951847525049,-64.67616860344259,-30.349755623405144,121.33115990883789,125.06941285232135,,,-0.6053600311279297,-0.3526535928249359,-3.0,0.0,
open_loop_rep2,0,1,-1,,,-109.82602965954999,-42.54409781145321,,,1.4045471939998606,-171.3619008529919,-63.584484529948966,-17.04874787068502,69.51588243598906,71.5759576590662,,,-0.6053600311279297,-0.3526535928249359,-3.0,0.0,
open_loop_rep2,0,1,-1,,,-109.82602965954999,-42.54409781145321,,,1.4303294569999707,-171.32711017206,-63.75011048710081,2.5735858636098783,-11.251673858122103,11.54224886263162,,,-0.6053600311279297,-0.3526535928249359,-3.0,0.0,
open_loop_rep2,0,1,-1,,,-109.82602965954999,-42.54409781145321,,,1.4518716309994488,-171.24963499323067,-64.07939074678708,0.4523564737755805,-2.120881611499726,2.168585988464454,,,-0.5095455050468445,-0.3296789526939392,-3.0,0.0,
open_loop_rep2,0,1,-1,,,-109.82602965954999,-42.54409781145321,,,1.4701079169999502,-171.2899232140364,-63.91483790357093,-65.19458219729313,55.42600168100171,85.5708782835727,,,-0.5095455050468445,-0.3296789526939392,-3.0,0.0,
open_loop_rep2,0,1,-1,,,-109.82602965954999,-42.54409781145321,,,1.480549855999925,-172.34726816901133,-63.058643358130205,-124.95322046186084,126.24983931895167,177.62975322803192,,,-0.2770858108997345,-0.33294355869293213,-3.0,0.0,
open_loop_rep2,0,1,-1,,,-109.82602965954999,-42.54409781145321,,,1.4909576829995785,-173.89355477784665,-61.2855725561968,-73.13200885757578,83.85782354396088,111.26735949538221,,,-0.2770858108997345,-0.33294355869293213,-3.0,0.0,
open_loop_rep2,0,1,-1,,,-109.82602965954999,-42.54409781145321,,,1.5010474189994056,-173.89355477784665,-61.2855725561968,18.415918556120232,-20.516634488254113,27.56951843957873,,,-0.2770858108997345,-0.33294355869293213,-3.0,0.0,
open_loop_rep2,0,1,-1,,,-109.82602965954999,-42.54409781145321,,,1.5126435229994968,-173.4345661413552,-61.796918328087536,209.4498717624847,-148.59149384945613,256.80475234258074,,,-0.2770858108997345,-0.33294355869293213,-3.0,0.0,
open_loop_rep2,0,1,-1,,,-109.82602965954999,-42.54409781145321,,,1.5228864809996594,-169.7522581069685,-64.26437660822202,280.08698828826437,-187.55083079988935,337.0816446235527,,,-0.2770858108997345,-0.33294355869293213,-3.0,0.0,
open_loop_rep2,0,1,-1,,,-109.82602965954999,-42.54409781145321,,,1.5419665439994787,-167.23050558088886,-65.94699942188122,-3.6877386206106166,-1.5784293839928978,4.011340854900677,,,-0.17443521320819855,-0.32622605562210083,-3.0,0.0,
open_loop_rep2,0,1,-1,,,-109.82602965954999,-42.54409781145321,,,1.5547233519992005,-168.43626978121588,-65.22843607886801,-65.24603071649517,38.686128648975455,75.85289100688853,,,-0.17443521320819855,-0.32622605562210083,-3.0,0.0,
open_loop_rep2,0,1,-1,,,-109.82602965954999,-42.54409781145321,,,1.5807113379996736,-168.58208849722456,-65.15705479481707,-18.525403101728443,11.789159642631375,21.95848002847597,,,-0.17443521320819855,-0.32622605562210083,-3.0,0.0,
open_loop_rep2,0,1,-1,,,-109.82602965954999,-42.54409781145321,,,1.6018032519996268,-169.19389660122218,-64.75360782513317,-17.540385824625446,11.794745493029723,21.13719839813371,,,-0.09349659085273743,-0.32063713669776917,-3.0,0.0,
open_loop_rep2,0,1,-1,,,-109.82602965954999,-42.54409781145321,,,1.6202062789998308,-169.33257800621934,-64.65429900373827,60.01562988521391,-154.00623486504082,165.28701161260403,,,-0.09349659085273743,-0.32063713669776917,-3.0,0.0,
open_loop_rep2,0,1,-1,,,-109.82602965954999,-42.54409781145321,,,1.640225565000037,-166.66000723010112,-71.20878229892615,82.00689299976602,-181.1703779877614,198.86637815302873,,,-0.07839179039001465,-0.29640740156173706,-3.0,0.0,
open_loop_rep2,0,1,-1,,,-109.82602965954999,-42.54409781145321,,,1.6703309189997526,-166.5223972418002,-70.04235047608175,-18.98586408936353,217.96153619148163,218.7868695652697,,,-0.07839179039001465,-0.29640740156173706,-3.0,0.0,
open_loop_rep2,0,1,-1,,,-109.82602965954999,-42.54409781145321,,,1.686174168999969,-167.0196040029647,-65.09488261869126,-18.147410867863073,159.58165659581528,160.61019159154176,,,-0.0014275498688220978,-0.20221106708049774,-3.0,0.0,
open_loop_rep2,0,1,-1,,,-109.82602965954999,-42.54409781145321,,,1.6962709599993104,-167.11766951214923,-64.46614950532884,-4.978065791478912,31.91616328337159,32.302052841191525,,,-0.0014275498688220978,-0.20221106708049774,-3.0,0.0,
open_loop_rep2,0,1,-1,,,-109.82602965954999,-42.54409781145321,,,1.7068872319996444,-167.11766951214923,-64.46614950532884,-40.21685051774239,-80.82853742931411,90.28093668393383,,,-0.0014275498688220978,-0.20221106708049774,-3.0,0.0,
open_loop_rep2,0,1,-1,,,-109.82602965954999,-42.54409781145321,,,1.7172987449994253,-167.94703010013814,-66.1330130828008,-39.235715151959084,-78.85663421920572,88.07843154749793,,,0.024938983842730522,-0.14787180721759796,-3.0,0.0,
open_loop_rep2,0,1,-1,,,-109.82602965954999,-42.54409781145321,,,1.727404627999931,-167.94703010013814,-66.1330130828008,-6.078423909268167,-26.29477748895215,26.988192981640463,,,0.024938983842730522,-0.14787180721759796,-3.0,0.0,
open_loop_rep2,0,1,-1,,,-109.82602965954999,-42.54409781145321,,,1.7375135109996336,-168.069940493061,-66.66471364880753,-6.079487888080621,-26.299380176511022,26.992917045958183,,,0.024938983842730522,-0.14787180721759796,-3.0,0.0,
open_loop_rep2,0,1,-1,,,-109.82602965954999,-42.54409781145321,,,1.747622932000013,-168.069940493061,-66.66471364880753,-18.558671219587268,-19.28588348026915,26.76508133840163,,,0.024938983842730522,-0.14787180721759796,-3.0,0.0,
open_loop_rep2,0,1,-1,,,-109.82602965954999,-42.54409781145321,,,1.7588261849996343,-168.50827199216454,-67.1202209487332,-5.224675256394221,78.68662391865155,78.85988850645228,,,0.024938983842730522,-0.14787180721759796,-3.0,0.0,
open_loop_rep2,0,1,-1,,,-109.82602965954999,-42.54409781145321,,,1.773368250999738,-167.94434269941644,-63.7232063857535,15.191997125766648,160.07529638222286,160.7945810297281,,,0.024938983842730522,-0.14787180721759796,-3.0,0.0,
open_loop_rep2,0,1,-1,,,-109.82602965954999,-42.54409781145321,,,1.7835497269998086,-167.95780585137655,-62.61751518115116,-1.3538150161871272,88.76043105214808,88.77075495714332,,,0.060263682156801224,-0.06457724422216415,-3.0,0.0,
open_loop_rep2,0,1,-1,,,-109.82602965954999,-42.54409781145321,,,1.799723976999303,-167.98051208160362,-61.691603393877784,-219.4703469953929,-214.0302577330458,306.5553529716162,,,0.060263682156801224,-0.06457724422216415,-3.0,0.0,
open_loop_rep2,0,1,-1,,,-109.82602965954999,-42.54409781145321,,,1.8108454529992741,-172.08893770017772,-66.14643156233308,-137.10805717599305,-231.9256490475268,269.42183658473556,,,0.07730034738779068,-0.042874813079833984,-3.0,0.0,
open_loop_rep2,0,1,-1,,,-109.82602965954999,-42.54409781145321,,,1.8237921859999915,-170.36283268259322,-66.60751655346512,92.72048370710672,-23.547833363310133,95.66393549810746,,,0.07730034738779068,-0.042874813079833984,-3.0,0.0,
open_loop_rep2,0,1,-1,,,-109.82602965954999,-42.54409781145321,,,1.847916654999608,-169.9512179525726,-66.63318917372958,5.496590944626405,-28.438900792639288,28.965213451761898,,,0.07730034738779068,-0.042874813079833984,-3.0,0.0,
open_loop_rep2,0,1,-1,,,-109.82602965954999,-42.54409781145321,,,1.8625883499998963,-169.9737709971499,-67.29469620208208,8.793698108045646,10.809555820334936,13.934691365379516,,,0.07730034738779068,-0.042874813079833984,-3.0,0.0,
open_loop_rep2,0,1,-1,,,-109.82602965954999,-42.54409781145321,,,1.8776621939996403,-169.68122168181935,-66.26607924261016,11.482967972082406,27.34507202163195,29.658245351269667,,,0.07730034738779068,-0.042874813079833984,-3.0,0.0,
open_loop_rep2,0,1,-1,,,-109.82602965954999,-42.54409781145321,,,1.8877873550000004,-169.61885206771473,-66.2673269316868,0.8910373134422116,6.698925656643041,6.75792515844743,,,0.0912298932671547,-0.04069894924759865,-3.0,0.0,
open_loop_rep2,0,1,-1,,,-109.82602965954999,-42.54409781145321,,,1.898044034999657,-169.66445560354447,-66.1277366651566,-2.989850872423631,7.980095242860443,8.521803114626401,,,0.0912298932671547,-0.04069894924759865,-3.0,0.0,
open_loop_rep2,0,1,-1,,,-109.82602965954999,-42.54409781145321,,,1.9081366769996748,-169.68016748735292,-66.10310523736065,0.11666274134586274,2.868973012473816,2.8713439956789255,,,0.0912298932671547,-0.04069894924759865,-3.0,0.0,
open_loop_rep2,0,1,-1,,,-109.82602965954999,-42.54409781145321,,,1.9182027459992241,-169.66219265203247,-66.0699246072202,0.9610200431247904,2.0500399265449687,2.2641164333390793,,,0.0912298932671547,-0.04069894924759865,-3.0,0.0,
open_loop_rep2,0,1,-1,,,-109.82602965954999,-42.54409781145321,,,1.9475555999997596,-169.70456998647458,-66.11642053947878,-39.24188651512486,-138.3251910961626,143.78381045533547,,,0.0985507071018219,-0.03351110219955444,-3.0,0.0,
open_loop_rep2,0,1,-1,,,-109.82602965954999,-42.54409781145321,,,1.9609717409994118,-170.4628244856093,-68.8107128836788,-24.36226426713074,-86.56600412817352,89.92882180335997,,,0.0985507071018219,-0.03351110219955444,-3.0,0.0,
open_loop_rep2,0,1,-1,,,-109.82602965954999,-42.54409781145321,,,1.9711362349999035,-170.4628244856093,-68.8107128836788,-0.32726298623947514,-1.2796175367666365,1.3208035821283546,,,0.0985507071018219,-0.03351110219955444,-3.0,0.0,
open_loop_rep2,0,1,-1,,,-109.82602965954999,-42.54409781145321,,,1.9866368379998676,-170.47563311407362,-68.86079537480674,-1.5085290571714722,-5.6706872005370315,5.867908762298981,,,0.0985507071018219,-0.03351110219955444,-3.0,0.0,
open_loop_rep2,0,1,-1,,,-109.82602965954999,-42.54409781145321,,,1.9967163689998415,-170.49530976943237,-68.93394387731043,-1.9521399714730499,-7.257133541617539,7.5151072985748595,,,0.10585999488830566,-0.03841838985681534,-3.0,0.0,
